{
  "orientation": [
    [
      -0.9438878893852234,
      0.019778741523623466,
      0.32967332005500793
    ],
    [
      0.024352850392460823,
      -0.9913195967674255,
      0.1291988641023636
    ],
    [
      -0.3293670117855072,
      -0.12997771799564362,
      -0.9352129101753235
    ]
  ],
  "position": [
    2.8202548027038574,
    1.1253182888031006,
    8.02455997467041
  ],
  "focal_length": 2160.0,
  "principal_point": [
    960.0,
    540.0
  ],
  "skew": 0.0,
  "pixel_aspect_ratio": 1.0,
  "radial_distortion": [
    0.0,
    0.0,
    0.0
  ],
  "tangential_distortion": [
    0.0,
    0.0
  ],
  "image_size": [
    1920,
    1080
  ],
  "t": 21973,
  "img_id": "0000"
}