{
  "orientation": [
    [
      -0.9497808814048767,
      0.013748559169471264,
      0.3126135766506195
    ],
    [
      0.03063320554792881,
      -0.9901503324508667,
      0.13661587238311768
    ],
    [
      -0.3114126920700073,
      -0.13933150470256805,
      -0.9400047063827515
    ]
  ],
  "position": [
    2.682377815246582,
    1.2281386852264404,
    8.050352096557617
  ],
  "focal_length": 2160.0,
  "principal_point": [
    960.0,
    540.0
  ],
  "skew": 0.0,
  "pixel_aspect_ratio": 1.0,
  "radial_distortion": [
    0.0,
    0.0,
    0.0
  ],
  "tangential_distortion": [
    0.0,
    0.0
  ],
  "image_size": [
    1920,
    1080
  ],
  "t": 61035,
  "img_id": "0001"
}