{
  "orientation": [
    [
      -0.9414747953414917,
      0.0028983589727431536,
      0.33707088232040405
    ],
    [
      0.04434305056929588,
      -0.990208089351654,
      0.13236930966377258
    ],
    [
      -0.3341539800167084,
      -0.13956913352012634,
      -0.9321274757385254
    ]
  ],
  "position": [
    2.8770909309387207,
    1.2173869609832764,
    7.976855278015137
  ],
  "focal_length": 2160.0,
  "principal_point": [
    960.0,
    540.0
  ],
  "skew": 0.0,
  "pixel_aspect_ratio": 1.0,
  "radial_distortion": [
    0.0,
    0.0,
    0.0
  ],
  "tangential_distortion": [
    0.0,
    0.0
  ],
  "image_size": [
    1920,
    1080
  ],
  "t": 100098,
  "img_id": "0002"
}