{
  "orientation": [
    [
      -0.9287784695625305,
      0.019831247627735138,
      0.3701043725013733
    ],
    [
      0.03334108367562294,
      -0.9900485873222351,
      0.136719211935997
    ],
    [
      -0.3691326379776001,
      -0.13932155072689056,
      -0.9188746213912964
    ]
  ],
  "position": [
    3.1619372367858887,
    1.1828569173812866,
    7.888679027557373
  ],
  "focal_length": 2160.0,
  "principal_point": [
    960.0,
    540.0
  ],
  "skew": 0.0,
  "pixel_aspect_ratio": 1.0,
  "radial_distortion": [
    0.0,
    0.0,
    0.0
  ],
  "tangential_distortion": [
    0.0,
    0.0
  ],
  "image_size": [
    1920,
    1080
  ],
  "t": 139160,
  "img_id": "0003"
}