{
  "orientation": [
    [
      -0.922329843044281,
      0.023261122405529022,
      0.3857026696205139
    ],
    [
      0.03401024639606476,
      -0.9894253611564636,
      0.14099931716918945
    ],
    [
      -0.38490378856658936,
      -0.143165722489357,
      -0.9117854237556458
    ]
  ],
  "position": [
    3.30019211769104,
    1.2124533653259277,
    7.868136405944824
  ],
  "focal_length": 2160.0,
  "principal_point": [
    960.0,
    540.0
  ],
  "skew": 0.0,
  "pixel_aspect_ratio": 1.0,
  "radial_distortion": [
    0.0,
    0.0,
    0.0
  ],
  "tangential_distortion": [
    0.0,
    0.0
  ],
  "image_size": [
    1920,
    1080
  ],
  "t": 178223,
  "img_id": "0004"
}