{
  "orientation": [
    [
      -0.9257590174674988,
      -0.006708710920065641,
      0.37805455923080444
    ],
    [
      0.06429275870323181,
      -0.9880757331848145,
      0.13990278542041779
    ],
    [
      -0.372607946395874,
      -0.15382243692874908,
      -0.9151513576507568
    ]
  ],
  "position": [
    3.2164201736450195,
    1.3407533168792725,
    7.9329304695129395
  ],
  "focal_length": 2160.0,
  "principal_point": [
    960.0,
    540.0
  ],
  "skew": 0.0,
  "pixel_aspect_ratio": 1.0,
  "radial_distortion": [
    0.0,
    0.0,
    0.0
  ],
  "tangential_distortion": [
    0.0,
    0.0
  ],
  "image_size": [
    1920,
    1080
  ],
  "t": 217285,
  "img_id": "0005"
}