{
  "orientation": [
    [
      -0.9352695941925049,
      -0.01575608365237713,
      0.35358521342277527
    ],
    [
      0.0752871111035347,
      -0.9850022196769714,
      0.15524962544441223
    ],
    [
      -0.3458361029624939,
      -0.17182065546512604,
      -0.9224289059638977
    ]
  ],
  "position": [
    3.0150442123413086,
    1.5428842306137085,
    8.028721809387207
  ],
  "focal_length": 2160.0,
  "principal_point": [
    960.0,
    540.0
  ],
  "skew": 0.0,
  "pixel_aspect_ratio": 1.0,
  "radial_distortion": [
    0.0,
    0.0,
    0.0
  ],
  "tangential_distortion": [
    0.0,
    0.0
  ],
  "image_size": [
    1920,
    1080
  ],
  "t": 256348,
  "img_id": "0006"
}