{
  "orientation": [
    [
      -0.9442771077156067,
      -0.01818590611219406,
      0.32864871621131897
    ],
    [
      0.08183366805315018,
      -0.9800925850868225,
      0.18089158833026886
    ],
    [
      -0.31881648302078247,
      -0.19770632684230804,
      -0.926967203617096
    ]
  ],
  "position": [
    2.8099381923675537,
    1.7908365726470947,
    8.097383499145508
  ],
  "focal_length": 2160.0,
  "principal_point": [
    960.0,
    540.0
  ],
  "skew": 0.0,
  "pixel_aspect_ratio": 1.0,
  "radial_distortion": [
    0.0,
    0.0,
    0.0
  ],
  "tangential_distortion": [
    0.0,
    0.0
  ],
  "image_size": [
    1920,
    1080
  ],
  "t": 295410,
  "img_id": "0007"
}