{
  "orientation": [
    [
      -0.9467828273773193,
      -0.02849631756544113,
      0.32060909271240234
    ],
    [
      0.10075824707746506,
      -0.9722506403923035,
      0.21113131940364838
    ],
    [
      -0.30569592118263245,
      -0.2321995347738266,
      -0.923381507396698
    ]
  ],
  "position": [
    2.7134878635406494,
    2.056602954864502,
    8.081650733947754
  ],
  "focal_length": 2160.0,
  "principal_point": [
    960.0,
    540.0
  ],
  "skew": 0.0,
  "pixel_aspect_ratio": 1.0,
  "radial_distortion": [
    0.0,
    0.0,
    0.0
  ],
  "tangential_distortion": [
    0.0,
    0.0
  ],
  "image_size": [
    1920,
    1080
  ],
  "t": 334473,
  "img_id": "0008"
}