{
  "orientation": [
    [
      -0.9432616233825684,
      -0.021616047248244286,
      0.33134615421295166
    ],
    [
      0.10738161951303482,
      -0.9641165137290955,
      0.24279312789440155
    ],
    [
      -0.314208060503006,
      -0.26459792256355286,
      -0.9117352962493896
    ]
  ],
  "position": [
    2.7617247104644775,
    2.3111050128936768,
    7.968777656555176
  ],
  "focal_length": 2160.0,
  "principal_point": [
    960.0,
    540.0
  ],
  "skew": 0.0,
  "pixel_aspect_ratio": 1.0,
  "radial_distortion": [
    0.0,
    0.0,
    0.0
  ],
  "tangential_distortion": [
    0.0,
    0.0
  ],
  "image_size": [
    1920,
    1080
  ],
  "t": 373535,
  "img_id": "0009"
}