{
  "orientation": [
    [
      -0.935832142829895,
      -0.012072592973709106,
      0.35223913192749023
    ],
    [
      0.11136272549629211,
      -0.9583407640457153,
      0.2630234956741333
    ],
    [
      -0.33438971638679504,
      -0.28537213802337646,
      -0.8981905579566956
    ]
  ],
  "position": [
    2.8786721229553223,
    2.5237574577331543,
    7.8113017082214355
  ],
  "focal_length": 2160.0,
  "principal_point": [
    960.0,
    540.0
  ],
  "skew": 0.0,
  "pixel_aspect_ratio": 1.0,
  "radial_distortion": [
    0.0,
    0.0,
    0.0
  ],
  "tangential_distortion": [
    0.0,
    0.0
  ],
  "image_size": [
    1920,
    1080
  ],
  "t": 412598,
  "img_id": "0010"
}