{
  "orientation": [
    [
      -0.9293386936187744,
      -0.010641513392329216,
      0.36907505989074707
    ],
    [
      0.12140955030918121,
      -0.9528076648712158,
      0.27823954820632935
    ],
    [
      -0.34869664907455444,
      -0.30338799953460693,
      -0.8867729902267456
    ]
  ],
  "position": [
    2.9794209003448486,
    2.6638288497924805,
    7.666978359222412
  ],
  "focal_length": 2160.0,
  "principal_point": [
    960.0,
    540.0
  ],
  "skew": 0.0,
  "pixel_aspect_ratio": 1.0,
  "radial_distortion": [
    0.0,
    0.0,
    0.0
  ],
  "tangential_distortion": [
    0.0,
    0.0
  ],
  "image_size": [
    1920,
    1080
  ],
  "t": 451660,
  "img_id": "0011"
}