{
  "orientation": [
    [
      -0.9278386831283569,
      -0.012021448463201523,
      0.3727879524230957
    ],
    [
      0.1274067908525467,
      -0.9495760202407837,
      0.2864837050437927
    ],
    [
      -0.35054653882980347,
      -0.31330636143684387,
      -0.8825849890708923
    ]
  ],
  "position": [
    2.979482889175415,
    2.7008490562438965,
    7.593278884887695
  ],
  "focal_length": 2160.0,
  "principal_point": [
    960.0,
    540.0
  ],
  "skew": 0.0,
  "pixel_aspect_ratio": 1.0,
  "radial_distortion": [
    0.0,
    0.0,
    0.0
  ],
  "tangential_distortion": [
    0.0,
    0.0
  ],
  "image_size": [
    1920,
    1080
  ],
  "t": 490723,
  "img_id": "0012"
}