{
  "orientation": [
    [
      -0.9329391121864319,
      -0.012575814500451088,
      0.3598145544528961
    ],
    [
      0.12328195571899414,
      -0.9501330256462097,
      0.2864416241645813
    ],
    [
      -0.33826944231987,
      -0.311591237783432,
      -0.8879666328430176
    ]
  ],
  "position": [
    2.84450626373291,
    2.633800745010376,
    7.615078449249268
  ],
  "focal_length": 2160.0,
  "principal_point": [
    960.0,
    540.0
  ],
  "skew": 0.0,
  "pixel_aspect_ratio": 1.0,
  "radial_distortion": [
    0.0,
    0.0,
    0.0
  ],
  "tangential_distortion": [
    0.0,
    0.0
  ],
  "image_size": [
    1920,
    1080
  ],
  "t": 529785,
  "img_id": "0013"
}