{
  "orientation": [
    [
      -0.9416053295135498,
      -0.012156656943261623,
      0.33649909496307373
    ],
    [
      0.11230827867984772,
      -0.9534608721733093,
      0.2798199951648712
    ],
    [
      -0.3174370527267456,
      -0.30127161741256714,
      -0.8991491198539734
    ]
  ],
  "position": [
    2.6375410556793213,
    2.5189037322998047,
    7.6939005851745605
  ],
  "focal_length": 2160.0,
  "principal_point": [
    960.0,
    540.0
  ],
  "skew": 0.0,
  "pixel_aspect_ratio": 1.0,
  "radial_distortion": [
    0.0,
    0.0,
    0.0
  ],
  "tangential_distortion": [
    0.0,
    0.0
  ],
  "image_size": [
    1920,
    1080
  ],
  "t": 568848,
  "img_id": "0014"
}