{
  "orientation": [
    [
      -0.9501296877861023,
      -0.010727222077548504,
      0.3116704523563385
    ],
    [
      0.09961692243814468,
      -0.9574878811836243,
      0.27072766423225403
    ],
    [
      -0.2955165207386017,
      -0.28827404975891113,
      -0.9108062982559204
    ]
  ],
  "position": [
    2.432849168777466,
    2.4189648628234863,
    7.783984184265137
  ],
  "focal_length": 2160.0,
  "principal_point": [
    960.0,
    540.0
  ],
  "skew": 0.0,
  "pixel_aspect_ratio": 1.0,
  "radial_distortion": [
    0.0,
    0.0,
    0.0
  ],
  "tangential_distortion": [
    0.0,
    0.0
  ],
  "image_size": [
    1920,
    1080
  ],
  "t": 607910,
  "img_id": "0015"
}