{
  "orientation": [
    [
      -0.9549660086631775,
      -0.008445079438388348,
      0.29659503698349
    ],
    [
      0.09179762005805969,
      -0.9589623808860779,
      0.26826173067092896
    ],
    [
      -0.2821579873561859,
      -0.2834075689315796,
      -0.9165517091751099
    ]
  ],
  "position": [
    2.304612159729004,
    2.3967185020446777,
    7.839614391326904
  ],
  "focal_length": 2160.0,
  "principal_point": [
    960.0,
    540.0
  ],
  "skew": 0.0,
  "pixel_aspect_ratio": 1.0,
  "radial_distortion": [
    0.0,
    0.0,
    0.0
  ],
  "tangential_distortion": [
    0.0,
    0.0
  ],
  "image_size": [
    1920,
    1080
  ],
  "t": 646973,
  "img_id": "0016"
}