{
  "orientation": [
    [
      -0.9546314477920532,
      -0.005516122095286846,
      0.2977387011051178
    ],
    [
      0.0923972874879837,
      -0.9559698104858398,
      0.27853989601135254
    ],
    [
      -0.283092737197876,
      -0.2934132218360901,
      -0.9131085276603699
    ]
  ],
  "position": [
    2.297198534011841,
    2.484282970428467,
    7.834452152252197
  ],
  "focal_length": 2160.0,
  "principal_point": [
    960.0,
    540.0
  ],
  "skew": 0.0,
  "pixel_aspect_ratio": 1.0,
  "radial_distortion": [
    0.0,
    0.0,
    0.0
  ],
  "tangential_distortion": [
    0.0,
    0.0
  ],
  "image_size": [
    1920,
    1080
  ],
  "t": 686035,
  "img_id": "0017"
}