{
  "orientation": [
    [
      -0.9513643383979797,
      -0.0014045870630070567,
      0.30806484818458557
    ],
    [
      0.09727662056684494,
      -0.9501977562904358,
      0.29607686400413513
    ],
    [
      -0.29230666160583496,
      -0.31164446473121643,
      -0.9041208624839783
    ]
  ],
  "position": [
    2.3773300647735596,
    2.6340768337249756,
    7.792607307434082
  ],
  "focal_length": 2160.0,
  "principal_point": [
    960.0,
    540.0
  ],
  "skew": 0.0,
  "pixel_aspect_ratio": 1.0,
  "radial_distortion": [
    0.0,
    0.0,
    0.0
  ],
  "tangential_distortion": [
    0.0,
    0.0
  ],
  "image_size": [
    1920,
    1080
  ],
  "t": 725098,
  "img_id": "0018"
}