{
  "orientation": [
    [
      -0.9473106265068054,
      0.0009044262696988881,
      0.32031503319740295
    ],
    [
      0.1046019122004509,
      -0.9442998766899109,
      0.3120195269584656
    ],
    [
      -0.3027556538581848,
      -0.32908499240875244,
      -0.8944507241249084
    ]
  ],
  "position": [
    2.4992544651031494,
    2.785706043243408,
    7.746294021606445
  ],
  "focal_length": 2160.0,
  "principal_point": [
    960.0,
    540.0
  ],
  "skew": 0.0,
  "pixel_aspect_ratio": 1.0,
  "radial_distortion": [
    0.0,
    0.0,
    0.0
  ],
  "tangential_distortion": [
    0.0,
    0.0
  ],
  "image_size": [
    1920,
    1080
  ],
  "t": 764160,
  "img_id": "0019"
}