{
  "orientation": [
    [
      -0.9439525008201599,
      0.0017809259006753564,
      0.33007654547691345
    ],
    [
      0.11000869423151016,
      -0.9411176443099976,
      0.31968051195144653
    ],
    [
      -0.3112102150917053,
      -0.3380745053291321,
      -0.8881744146347046
    ]
  ],
  "position": [
    2.617229461669922,
    2.878791093826294,
    7.727723598480225
  ],
  "focal_length": 2160.0,
  "principal_point": [
    960.0,
    540.0
  ],
  "skew": 0.0,
  "pixel_aspect_ratio": 1.0,
  "radial_distortion": [
    0.0,
    0.0,
    0.0
  ],
  "tangential_distortion": [
    0.0,
    0.0
  ],
  "image_size": [
    1920,
    1080
  ],
  "t": 803223,
  "img_id": "0020"
}