{
  "orientation": [
    [
      -0.9446768164634705,
      0.02220265008509159,
      0.3272503614425659
    ],
    [
      0.0898943617939949,
      -0.9419797658920288,
      0.3234085738658905
    ],
    [
      -0.315443754196167,
      -0.3349345326423645,
      -0.8878705501556396
    ]
  ],
  "position": [
    2.687973737716675,
    2.8738813400268555,
    7.7602858543396
  ],
  "focal_length": 2160.0,
  "principal_point": [
    960.0,
    540.0
  ],
  "skew": 0.0,
  "pixel_aspect_ratio": 1.0,
  "radial_distortion": [
    0.0,
    0.0,
    0.0
  ],
  "tangential_distortion": [
    0.0,
    0.0
  ],
  "image_size": [
    1920,
    1080
  ],
  "t": 842285,
  "img_id": "0021"
}