{
  "orientation": [
    [
      -0.946132481098175,
      0.023352505639195442,
      0.3229365646839142
    ],
    [
      0.08459064364433289,
      -0.944926381111145,
      0.31616225838661194
    ],
    [
      -0.3125344514846802,
      -0.32644879817962646,
      -0.8920500874519348
    ]
  ],
  "position": [
    2.6769535541534424,
    2.8055124282836914,
    7.8361992835998535
  ],
  "focal_length": 2160.0,
  "principal_point": [
    960.0,
    540.0
  ],
  "skew": 0.0,
  "pixel_aspect_ratio": 1.0,
  "radial_distortion": [
    0.0,
    0.0,
    0.0
  ],
  "tangential_distortion": [
    0.0,
    0.0
  ],
  "image_size": [
    1920,
    1080
  ],
  "t": 881348,
  "img_id": "0022"
}