{
  "orientation": [
    [
      -0.9506780505180359,
      0.01766270399093628,
      0.30967608094215393
    ],
    [
      0.08327566087245941,
      -0.947189450263977,
      0.30967283248901367
    ],
    [
      -0.2987915873527527,
      -0.32018765807151794,
      -0.8990013599395752
    ]
  ],
  "position": [
    2.5515613555908203,
    2.7245521545410156,
    7.9407958984375
  ],
  "focal_length": 2160.0,
  "principal_point": [
    960.0,
    540.0
  ],
  "skew": 0.0,
  "pixel_aspect_ratio": 1.0,
  "radial_distortion": [
    0.0,
    0.0,
    0.0
  ],
  "tangential_distortion": [
    0.0,
    0.0
  ],
  "image_size": [
    1920,
    1080
  ],
  "t": 920410,
  "img_id": "0023"
}