{
  "orientation": [
    [
      -0.9613146781921387,
      0.028680454939603806,
      0.27395540475845337
    ],
    [
      0.06091337651014328,
      -0.9478068947792053,
      0.3129723072052002
    ],
    [
      -0.26863300800323486,
      -0.3175524175167084,
      -0.9093936085700989
    ]
  ],
  "position": [
    2.279181480407715,
    2.6818623542785645,
    8.059416770935059
  ],
  "focal_length": 2160.0,
  "principal_point": [
    960.0,
    540.0
  ],
  "skew": 0.0,
  "pixel_aspect_ratio": 1.0,
  "radial_distortion": [
    0.0,
    0.0,
    0.0
  ],
  "tangential_distortion": [
    0.0,
    0.0
  ],
  "image_size": [
    1920,
    1080
  ],
  "t": 959473,
  "img_id": "0024"
}