{
  "orientation": [
    [
      -0.9741320013999939,
      0.02757398597896099,
      0.22429104149341583
    ],
    [
      0.04558023810386658,
      -0.9481536149978638,
      0.31452682614326477
    ],
    [
      -0.22133512794971466,
      -0.3166138827800751,
      -0.9223700165748596
    ]
  ],
  "position": [
    1.8684695959091187,
    2.699141502380371,
    8.174991607666016
  ],
  "focal_length": 2160.0,
  "principal_point": [
    960.0,
    540.0
  ],
  "skew": 0.0,
  "pixel_aspect_ratio": 1.0,
  "radial_distortion": [
    0.0,
    0.0,
    0.0
  ],
  "tangential_distortion": [
    0.0,
    0.0
  ],
  "image_size": [
    1920,
    1080
  ],
  "t": 998535,
  "img_id": "0025"
}