{
  "orientation": [
    [
      -0.9825706481933594,
      0.020877212285995483,
      0.1847134232521057
    ],
    [
      0.037690769881010056,
      -0.95065838098526,
      0.30794158577919006
    ],
    [
      -0.18202832341194153,
      -0.309536337852478,
      -0.9333021640777588
    ]
  ],
  "position": [
    1.527313470840454,
    2.6571834087371826,
    8.25886344909668
  ],
  "focal_length": 2160.0,
  "principal_point": [
    960.0,
    540.0
  ],
  "skew": 0.0,
  "pixel_aspect_ratio": 1.0,
  "radial_distortion": [
    0.0,
    0.0,
    0.0
  ],
  "tangential_distortion": [
    0.0,
    0.0
  ],
  "image_size": [
    1920,
    1080
  ],
  "t": 1037598,
  "img_id": "0026"
}