{
  "orientation": [
    [
      -0.9840661883354187,
      0.025281833484768867,
      0.17599599063396454
    ],
    [
      0.027164412662386894,
      -0.9568415284156799,
      0.28933778405189514
    ],
    [
      -0.17571526765823364,
      -0.2895083427429199,
      -0.9409086108207703
    ]
  ],
  "position": [
    1.4655267000198364,
    2.431177854537964,
    8.289993286132812
  ],
  "focal_length": 2160.0,
  "principal_point": [
    960.0,
    540.0
  ],
  "skew": 0.0,
  "pixel_aspect_ratio": 1.0,
  "radial_distortion": [
    0.0,
    0.0,
    0.0
  ],
  "tangential_distortion": [
    0.0,
    0.0
  ],
  "image_size": [
    1920,
    1080
  ],
  "t": 1076660,
  "img_id": "0027"
}