{
  "orientation": [
    [
      -0.9825055003166199,
      0.03318418934941292,
      0.18325310945510864
    ],
    [
      0.01606895588338375,
      -0.9652214646339417,
      0.26093924045562744
    ],
    [
      -0.1855389028787613,
      -0.2593189477920532,
      -0.9478021860122681
    ]
  ],
  "position": [
    1.5635168552398682,
    2.1050398349761963,
    8.31031608581543
  ],
  "focal_length": 2160.0,
  "principal_point": [
    960.0,
    540.0
  ],
  "skew": 0.0,
  "pixel_aspect_ratio": 1.0,
  "radial_distortion": [
    0.0,
    0.0,
    0.0
  ],
  "tangential_distortion": [
    0.0,
    0.0
  ],
  "image_size": [
    1920,
    1080
  ],
  "t": 1115723,
  "img_id": "0028"
}