{
  "orientation": [
    [
      -0.9828198552131653,
      0.031081482768058777,
      0.18193161487579346
    ],
    [
      0.011306500062346458,
      -0.9737281799316406,
      0.22743254899978638
    ],
    [
      -0.18422088027000427,
      -0.22558222711086273,
      -0.9566479921340942
    ]
  ],
  "position": [
    1.61674165725708,
    1.8191649913787842,
    8.372843742370605
  ],
  "focal_length": 2160.0,
  "principal_point": [
    960.0,
    540.0
  ],
  "skew": 0.0,
  "pixel_aspect_ratio": 1.0,
  "radial_distortion": [
    0.0,
    0.0,
    0.0
  ],
  "tangential_distortion": [
    0.0,
    0.0
  ],
  "image_size": [
    1920,
    1080
  ],
  "t": 1154785,
  "img_id": "0029"
}