{
  "orientation": [
    [
      -0.9843693375587463,
      0.023584162816405296,
      0.17453010380268097
    ],
    [
      0.01108760666102171,
      -0.9807285070419312,
      0.19506068527698517
    ],
    [
      -0.1757669895887375,
      -0.19394688308238983,
      -0.9651376008987427
    ]
  ],
  "position": [
    1.6255743503570557,
    1.6014821529388428,
    8.457106590270996
  ],
  "focal_length": 2160.0,
  "principal_point": [
    960.0,
    540.0
  ],
  "skew": 0.0,
  "pixel_aspect_ratio": 1.0,
  "radial_distortion": [
    0.0,
    0.0,
    0.0
  ],
  "tangential_distortion": [
    0.0,
    0.0
  ],
  "image_size": [
    1920,
    1080
  ],
  "t": 1193848,
  "img_id": "0030"
}