{
  "orientation": [
    [
      -0.9842003583908081,
      0.015961768105626106,
      0.17633754014968872
    ],
    [
      0.014349165372550488,
      -0.9854618310928345,
      0.16928991675376892
    ],
    [
      -0.17647607624530792,
      -0.16914547979831696,
      -0.9696628451347351
    ]
  ],
  "position": [
    1.674096703529358,
    1.434006929397583,
    8.512612342834473
  ],
  "focal_length": 2160.0,
  "principal_point": [
    960.0,
    540.0
  ],
  "skew": 0.0,
  "pixel_aspect_ratio": 1.0,
  "radial_distortion": [
    0.0,
    0.0,
    0.0
  ],
  "tangential_distortion": [
    0.0,
    0.0
  ],
  "image_size": [
    1920,
    1080
  ],
  "t": 1232910,
  "img_id": "0031"
}