{
  "orientation": [
    [
      -0.9805451035499573,
      0.004885000642389059,
      0.19623306393623352
    ],
    [
      0.025307506322860718,
      -0.9882009625434875,
      0.15105769038200378
    ],
    [
      -0.1946556121110916,
      -0.15308505296707153,
      -0.9688519835472107
    ]
  ],
  "position": [
    1.8458105325698853,
    1.298967957496643,
    8.489165306091309
  ],
  "focal_length": 2160.0,
  "principal_point": [
    960.0,
    540.0
  ],
  "skew": 0.0,
  "pixel_aspect_ratio": 1.0,
  "radial_distortion": [
    0.0,
    0.0,
    0.0
  ],
  "tangential_distortion": [
    0.0,
    0.0
  ],
  "image_size": [
    1920,
    1080
  ],
  "t": 1271973,
  "img_id": "0032"
}