{
  "orientation": [
    [
      -0.9739647507667542,
      -0.0008141682483255863,
      0.22669799625873566
    ],
    [
      0.03451511636376381,
      -0.9888681173324585,
      0.144736185669899
    ],
    [
      -0.22405657172203064,
      -0.14879246056079865,
      -0.9631507992744446
    ]
  ],
  "position": [
    2.114729404449463,
    1.2271459102630615,
    8.386334419250488
  ],
  "focal_length": 2160.0,
  "principal_point": [
    960.0,
    540.0
  ],
  "skew": 0.0,
  "pixel_aspect_ratio": 1.0,
  "radial_distortion": [
    0.0,
    0.0,
    0.0
  ],
  "tangential_distortion": [
    0.0,
    0.0
  ],
  "image_size": [
    1920,
    1080
  ],
  "t": 1311035,
  "img_id": "0033"
}