{
  "orientation": [
    [
      -0.9712123870849609,
      0.003675444284453988,
      0.23818685114383698
    ],
    [
      0.03598335012793541,
      -0.9861443042755127,
      0.1619400531053543
    ],
    [
      -0.23548181354999542,
      -0.16584895551204681,
      -0.957623302936554
    ]
  ],
  "position": [
    2.238046169281006,
    1.345147967338562,
    8.302338600158691
  ],
  "focal_length": 2160.0,
  "principal_point": [
    960.0,
    540.0
  ],
  "skew": 0.0,
  "pixel_aspect_ratio": 1.0,
  "radial_distortion": [
    0.0,
    0.0,
    0.0
  ],
  "tangential_distortion": [
    0.0,
    0.0
  ],
  "image_size": [
    1920,
    1080
  ],
  "t": 1350098,
  "img_id": "0034"
}