{
  "orientation": [
    [
      -0.97540283203125,
      -0.011213910765945911,
      0.2201443314552307
    ],
    [
      0.05490276217460632,
      -0.9795903563499451,
      0.19336074590682983
    ],
    [
      -0.21348294615745544,
      -0.20069114863872528,
      -0.9561108946800232
    ]
  ],
  "position": [
    2.091341495513916,
    1.6535793542861938,
    8.302462577819824
  ],
  "focal_length": 2160.0,
  "principal_point": [
    960.0,
    540.0
  ],
  "skew": 0.0,
  "pixel_aspect_ratio": 1.0,
  "radial_distortion": [
    0.0,
    0.0,
    0.0
  ],
  "tangential_distortion": [
    0.0,
    0.0
  ],
  "image_size": [
    1920,
    1080
  ],
  "t": 1389160,
  "img_id": "0035"
}