{
  "orientation": [
    [
      -0.9808403253555298,
      -0.021443340927362442,
      0.19362957775592804
    ],
    [
      0.0627753809094429,
      -0.9756971001625061,
      0.209939107298851
    ],
    [
      -0.18442201614379883,
      -0.21807192265987396,
      -0.9583491683006287
    ]
  ],
  "position": [
    1.8808735609054565,
    1.837854266166687,
    8.349574089050293
  ],
  "focal_length": 2160.0,
  "principal_point": [
    960.0,
    540.0
  ],
  "skew": 0.0,
  "pixel_aspect_ratio": 1.0,
  "radial_distortion": [
    0.0,
    0.0,
    0.0
  ],
  "tangential_distortion": [
    0.0,
    0.0
  ],
  "image_size": [
    1920,
    1080
  ],
  "t": 1428223,
  "img_id": "0036"
}