{
  "orientation": [
    [
      -0.9830918908119202,
      -0.032672807574272156,
      0.1801743358373642
    ],
    [
      0.06692160665988922,
      -0.9799947738647461,
      0.1874346137046814
    ],
    [
      -0.17044588923454285,
      -0.19632300734519958,
      -0.965611457824707
    ]
  ],
  "position": [
    1.7796728610992432,
    1.6771440505981445,
    8.402433395385742
  ],
  "focal_length": 2160.0,
  "principal_point": [
    960.0,
    540.0
  ],
  "skew": 0.0,
  "pixel_aspect_ratio": 1.0,
  "radial_distortion": [
    0.0,
    0.0,
    0.0
  ],
  "tangential_distortion": [
    0.0,
    0.0
  ],
  "image_size": [
    1920,
    1080
  ],
  "t": 1467285,
  "img_id": "0037"
}