{
  "orientation": [
    [
      -0.9836626052856445,
      -0.043371666222810745,
      0.17471924424171448
    ],
    [
      0.06934820115566254,
      -0.9869344234466553,
      0.1454346776008606
    ],
    [
      -0.16612869501113892,
      -0.155175119638443,
      -0.9738182425498962
    ]
  ],
  "position": [
    1.7490224838256836,
    1.3178616762161255,
    8.447017669677734
  ],
  "focal_length": 2160.0,
  "principal_point": [
    960.0,
    540.0
  ],
  "skew": 0.0,
  "pixel_aspect_ratio": 1.0,
  "radial_distortion": [
    0.0,
    0.0,
    0.0
  ],
  "tangential_distortion": [
    0.0,
    0.0
  ],
  "image_size": [
    1920,
    1080
  ],
  "t": 1506348,
  "img_id": "0038"
}