{
  "orientation": [
    [
      -0.9840607047080994,
      -0.04924684017896652,
      0.17087799310684204
    ],
    [
      0.06803642958402634,
      -0.9920459389686584,
      0.10590508580207825
    ],
    [
      -0.16430333256721497,
      -0.11584296077489853,
      -0.9795839786529541
    ]
  ],
  "position": [
    1.7305325269699097,
    0.939433753490448,
    8.475683212280273
  ],
  "focal_length": 2160.0,
  "principal_point": [
    960.0,
    540.0
  ],
  "skew": 0.0,
  "pixel_aspect_ratio": 1.0,
  "radial_distortion": [
    0.0,
    0.0,
    0.0
  ],
  "tangential_distortion": [
    0.0,
    0.0
  ],
  "image_size": [
    1920,
    1080
  ],
  "t": 1545410,
  "img_id": "0039"
}