{
  "orientation": [
    [
      -0.9845253229141235,
      -0.044459398835897446,
      0.1695089191198349
    ],
    [
      0.05831342935562134,
      -0.9952741265296936,
      0.0776464119553566
    ],
    [
      -0.16525572538375854,
      -0.08632950484752655,
      -0.9824651479721069
    ]
  ],
  "position": [
    1.7128949165344238,
    0.636042058467865,
    8.486709594726562
  ],
  "focal_length": 2160.0,
  "principal_point": [
    960.0,
    540.0
  ],
  "skew": 0.0,
  "pixel_aspect_ratio": 1.0,
  "radial_distortion": [
    0.0,
    0.0,
    0.0
  ],
  "tangential_distortion": [
    0.0,
    0.0
  ],
  "image_size": [
    1920,
    1080
  ],
  "t": 1584473,
  "img_id": "0040"
}