{
  "orientation": [
    [
      -0.9847967624664307,
      -0.028287433087825775,
      0.17139177024364471
    ],
    [
      0.03994644805788994,
      -0.997087836265564,
      0.06496273726224899
    ],
    [
      -0.1690550148487091,
      -0.07082159072160721,
      -0.9830588698387146
    ]
  ],
  "position": [
    1.6909289360046387,
    0.46203121542930603,
    8.48205852508545
  ],
  "focal_length": 2160.0,
  "principal_point": [
    960.0,
    540.0
  ],
  "skew": 0.0,
  "pixel_aspect_ratio": 1.0,
  "radial_distortion": [
    0.0,
    0.0,
    0.0
  ],
  "tangential_distortion": [
    0.0,
    0.0
  ],
  "image_size": [
    1920,
    1080
  ],
  "t": 1623535,
  "img_id": "0041"
}