{
  "orientation": [
    [
      -0.9849326014518738,
      -0.02398674562573433,
      0.17126719653606415
    ],
    [
      0.03471677005290985,
      -0.9975985288619995,
      0.05993287265300751
    ],
    [
      -0.1694183051586151,
      -0.06497568637132645,
      -0.9834000468254089
    ]
  ],
  "position": [
    1.6486999988555908,
    0.38702192902565,
    8.472891807556152
  ],
  "focal_length": 2160.0,
  "principal_point": [
    960.0,
    540.0
  ],
  "skew": 0.0,
  "pixel_aspect_ratio": 1.0,
  "radial_distortion": [
    0.0,
    0.0,
    0.0
  ],
  "tangential_distortion": [
    0.0,
    0.0
  ],
  "image_size": [
    1920,
    1080
  ],
  "t": 1662598,
  "img_id": "0042"
}