{
  "orientation": [
    [
      -0.9861442446708679,
      -0.026682790368795395,
      0.16373004019260406
    ],
    [
      0.03664470836520195,
      -0.9976363778114319,
      0.05812768638134003
    ],
    [
      -0.16179202497005463,
      -0.06332212686538696,
      -0.9847911596298218
    ]
  ],
  "position": [
    1.5678461790084839,
    0.3614966571331024,
    8.472448348999023
  ],
  "focal_length": 2160.0,
  "principal_point": [
    960.0,
    540.0
  ],
  "skew": 0.0,
  "pixel_aspect_ratio": 1.0,
  "radial_distortion": [
    0.0,
    0.0,
    0.0
  ],
  "tangential_distortion": [
    0.0,
    0.0
  ],
  "image_size": [
    1920,
    1080
  ],
  "t": 1701660,
  "img_id": "0043"
}