{
  "orientation": [
    [
      -0.9882490634918213,
      -0.01663311943411827,
      0.15194463729858398
    ],
    [
      0.02602698840200901,
      -0.9978562593460083,
      0.06004611775279045
    ],
    [
      -0.15062014758586884,
      -0.06329517811536789,
      -0.9865633845329285
    ]
  ],
  "position": [
    1.429998517036438,
    0.33593109250068665,
    8.49397087097168
  ],
  "focal_length": 2160.0,
  "principal_point": [
    960.0,
    540.0
  ],
  "skew": 0.0,
  "pixel_aspect_ratio": 1.0,
  "radial_distortion": [
    0.0,
    0.0,
    0.0
  ],
  "tangential_distortion": [
    0.0,
    0.0
  ],
  "image_size": [
    1920,
    1080
  ],
  "t": 1740723,
  "img_id": "0044"
}