{
  "orientation": [
    [
      -0.9914061427116394,
      -0.025475280359387398,
      0.12831538915634155
    ],
    [
      0.032370537519454956,
      -0.9981253743171692,
      0.05194097384810448
    ],
    [
      -0.1267516314983368,
      -0.05564824119210243,
      -0.9903723001480103
    ]
  ],
  "position": [
    1.2255768775939941,
    0.2700411081314087,
    8.54508113861084
  ],
  "focal_length": 2160.0,
  "principal_point": [
    960.0,
    540.0
  ],
  "skew": 0.0,
  "pixel_aspect_ratio": 1.0,
  "radial_distortion": [
    0.0,
    0.0,
    0.0
  ],
  "tangential_distortion": [
    0.0,
    0.0
  ],
  "image_size": [
    1920,
    1080
  ],
  "t": 1779785,
  "img_id": "0045"
}