{
  "orientation": [
    [
      -0.9940758347511292,
      -0.04360442981123924,
      0.0995585098862648
    ],
    [
      0.047273218631744385,
      -0.998275876045227,
      0.034792736172676086
    ],
    [
      -0.09786974638700485,
      -0.0392930693924427,
      -0.9944232106208801
    ]
  ],
  "position": [
    0.9884214401245117,
    0.16924743354320526,
    8.605612754821777
  ],
  "focal_length": 2160.0,
  "principal_point": [
    960.0,
    540.0
  ],
  "skew": 0.0,
  "pixel_aspect_ratio": 1.0,
  "radial_distortion": [
    0.0,
    0.0,
    0.0
  ],
  "tangential_distortion": [
    0.0,
    0.0
  ],
  "image_size": [
    1920,
    1080
  ],
  "t": 1818848,
  "img_id": "0046"
}