{
  "orientation": [
    [
      -0.9957635402679443,
      -0.05024581402540207,
      0.07700848579406738
    ],
    [
      0.05143877863883972,
      -0.9985837340354919,
      0.013585635460913181
    ],
    [
      -0.07621680200099945,
      -0.017489302903413773,
      -0.9969378709793091
    ]
  ],
  "position": [
    0.7658076882362366,
    0.05309421569108963,
    8.646808624267578
  ],
  "focal_length": 2160.0,
  "principal_point": [
    960.0,
    540.0
  ],
  "skew": 0.0,
  "pixel_aspect_ratio": 1.0,
  "radial_distortion": [
    0.0,
    0.0,
    0.0
  ],
  "tangential_distortion": [
    0.0,
    0.0
  ],
  "image_size": [
    1920,
    1080
  ],
  "t": 1857910,
  "img_id": "0047"
}