{
  "orientation": [
    [
      -0.9968676567077637,
      -0.047528237104415894,
      0.0632137581706047
    ],
    [
      0.047476090490818024,
      -0.9988696575164795,
      -0.0023275951389223337
    ],
    [
      -0.06325293332338333,
      -0.0006808378384448588,
      -0.9979972839355469
    ]
  ],
  "position": [
    0.6044577956199646,
    -0.05892985314130783,
    8.640297889709473
  ],
  "focal_length": 2160.0,
  "principal_point": [
    960.0,
    540.0
  ],
  "skew": 0.0,
  "pixel_aspect_ratio": 1.0,
  "radial_distortion": [
    0.0,
    0.0,
    0.0
  ],
  "tangential_distortion": [
    0.0,
    0.0
  ],
  "image_size": [
    1920,
    1080
  ],
  "t": 1896973,
  "img_id": "0048"
}