{
  "orientation": [
    [
      -0.9975809454917908,
      -0.041036270558834076,
      0.05610990151762962
    ],
    [
      0.040604591369628906,
      -0.9991364479064941,
      -0.008812444284558296
    ],
    [
      -0.05642307922244072,
      0.006512806750833988,
      -0.9983857274055481
    ]
  ],
  "position": [
    0.520075798034668,
    -0.15017259120941162,
    8.579970359802246
  ],
  "focal_length": 2160.0,
  "principal_point": [
    960.0,
    540.0
  ],
  "skew": 0.0,
  "pixel_aspect_ratio": 1.0,
  "radial_distortion": [
    0.0,
    0.0,
    0.0
  ],
  "tangential_distortion": [
    0.0,
    0.0
  ],
  "image_size": [
    1920,
    1080
  ],
  "t": 1936035,
  "img_id": "0049"
}