{
  "orientation": [
    [
      -0.9981611371040344,
      -0.03224419802427292,
      0.05132940411567688
    ],
    [
      0.03149009123444557,
      -0.999384880065918,
      -0.015433269552886486
    ],
    [
      -0.051795464009046555,
      0.013788522221148014,
      -0.9985625147819519
    ]
  ],
  "position": [
    0.48084861040115356,
    -0.20835024118423462,
    8.493789672851562
  ],
  "focal_length": 2160.0,
  "principal_point": [
    960.0,
    540.0
  ],
  "skew": 0.0,
  "pixel_aspect_ratio": 1.0,
  "radial_distortion": [
    0.0,
    0.0,
    0.0
  ],
  "tangential_distortion": [
    0.0,
    0.0
  ],
  "image_size": [
    1920,
    1080
  ],
  "t": 1975098,
  "img_id": "0050"
}