{
  "orientation": [
    [
      -0.9986878037452698,
      -0.023512445390224457,
      0.04549518600106239
    ],
    [
      0.022355685010552406,
      -0.9994179010391235,
      -0.02576994150876999
    ],
    [
      -0.04607461765408516,
      0.024719050154089928,
      -0.9986321330070496
    ]
  ],
  "position": [
    0.45095372200012207,
    -0.22154036164283752,
    8.412602424621582
  ],
  "focal_length": 2160.0,
  "principal_point": [
    960.0,
    540.0
  ],
  "skew": 0.0,
  "pixel_aspect_ratio": 1.0,
  "radial_distortion": [
    0.0,
    0.0,
    0.0
  ],
  "tangential_distortion": [
    0.0,
    0.0
  ],
  "image_size": [
    1920,
    1080
  ],
  "t": 2014160,
  "img_id": "0051"
}