{
  "orientation": [
    [
      -0.9991322159767151,
      -0.018837647512555122,
      0.03714790940284729
    ],
    [
      0.017731234431266785,
      -0.9993958473205566,
      -0.029891878366470337
    ],
    [
      -0.03768855705857277,
      0.02920726127922535,
      -0.998862624168396
    ]
  ],
  "position": [
    0.3947754502296448,
    -0.17792485654354095,
    8.367137908935547
  ],
  "focal_length": 2160.0,
  "principal_point": [
    960.0,
    540.0
  ],
  "skew": 0.0,
  "pixel_aspect_ratio": 1.0,
  "radial_distortion": [
    0.0,
    0.0,
    0.0
  ],
  "tangential_distortion": [
    0.0,
    0.0
  ],
  "image_size": [
    1920,
    1080
  ],
  "t": 2053223,
  "img_id": "0052"
}