{
  "orientation": [
    [
      -0.9995741844177246,
      -0.010422337800264359,
      0.02725444920361042
    ],
    [
      0.009846800938248634,
      -0.9997274875640869,
      -0.021166788414120674
    ],
    [
      -0.027467628940939903,
      0.0208894070237875,
      -0.9994044303894043
    ]
  ],
  "position": [
    0.30693376064300537,
    -0.08013372868299484,
    8.371831893920898
  ],
  "focal_length": 2160.0,
  "principal_point": [
    960.0,
    540.0
  ],
  "skew": 0.0,
  "pixel_aspect_ratio": 1.0,
  "radial_distortion": [
    0.0,
    0.0,
    0.0
  ],
  "tangential_distortion": [
    0.0,
    0.0
  ],
  "image_size": [
    1920,
    1080
  ],
  "t": 2092285,
  "img_id": "0053"
}