{
  "orientation": [
    [
      -0.9997901916503906,
      0.000496828812174499,
      0.02047615312039852
    ],
    [
      -0.0005990323261357844,
      -0.9999873638153076,
      -0.004985511302947998
    ],
    [
      -0.02047341875731945,
      0.004996731411665678,
      -0.9997779130935669
    ]
  ],
  "position": [
    0.24342674016952515,
    0.039875563234090805,
    8.408029556274414
  ],
  "focal_length": 2160.0,
  "principal_point": [
    960.0,
    540.0
  ],
  "skew": 0.0,
  "pixel_aspect_ratio": 1.0,
  "radial_distortion": [
    0.0,
    0.0,
    0.0
  ],
  "tangential_distortion": [
    0.0,
    0.0
  ],
  "image_size": [
    1920,
    1080
  ],
  "t": 2131348,
  "img_id": "0054"
}