{
  "orientation": [
    [
      -0.9997175335884094,
      -0.007300836965441704,
      0.022616475820541382
    ],
    [
      0.007554187439382076,
      -0.9999094605445862,
      0.011136919260025024
    ],
    [
      -0.022533118724822998,
      -0.011304622516036034,
      -0.9996821880340576
    ]
  ],
  "position": [
    0.267698734998703,
    0.14657992124557495,
    8.453063011169434
  ],
  "focal_length": 2160.0,
  "principal_point": [
    960.0,
    540.0
  ],
  "skew": 0.0,
  "pixel_aspect_ratio": 1.0,
  "radial_distortion": [
    0.0,
    0.0,
    0.0
  ],
  "tangential_distortion": [
    0.0,
    0.0
  ],
  "image_size": [
    1920,
    1080
  ],
  "t": 2170410,
  "img_id": "0055"
}