{
  "orientation": [
    [
      -0.9991893172264099,
      0.0015704281395301223,
      0.040226876735687256
    ],
    [
      -0.0007638935348950326,
      -0.9997985363006592,
      0.02005717344582081
    ],
    [
      -0.0402502715587616,
      -0.02001018449664116,
      -0.9989892244338989
    ]
  ],
  "position": [
    0.4431149363517761,
    0.20449590682983398,
    8.484282493591309
  ],
  "focal_length": 2160.0,
  "principal_point": [
    960.0,
    540.0
  ],
  "skew": 0.0,
  "pixel_aspect_ratio": 1.0,
  "radial_distortion": [
    0.0,
    0.0,
    0.0
  ],
  "tangential_distortion": [
    0.0,
    0.0
  ],
  "image_size": [
    1920,
    1080
  ],
  "t": 2209473,
  "img_id": "0056"
}