{
  "orientation": [
    [
      -0.9971650242805481,
      -0.002350960625335574,
      0.07520875334739685
    ],
    [
      0.0036278145853430033,
      -0.9998515248298645,
      0.016845354810357094
    ],
    [
      -0.07515798509120941,
      -0.01707044057548046,
      -0.9970254898071289
    ]
  ],
  "position": [
    0.7808566689491272,
    0.19737161695957184,
    8.488630294799805
  ],
  "focal_length": 2160.0,
  "principal_point": [
    960.0,
    540.0
  ],
  "skew": 0.0,
  "pixel_aspect_ratio": 1.0,
  "radial_distortion": [
    0.0,
    0.0,
    0.0
  ],
  "tangential_distortion": [
    0.0,
    0.0
  ],
  "image_size": [
    1920,
    1080
  ],
  "t": 2248535,
  "img_id": "0057"
}