{
  "orientation": [
    [
      -0.9933552742004395,
      0.01123505923897028,
      0.11453859508037567
    ],
    [
      -0.010110216215252876,
      -0.9998948574066162,
      0.010396851226687431
    ],
    [
      -0.11464335769414902,
      -0.00916975736618042,
      -0.9933643937110901
    ]
  ],
  "position": [
    1.1499106884002686,
    0.16140273213386536,
    8.47920036315918
  ],
  "focal_length": 2160.0,
  "principal_point": [
    960.0,
    540.0
  ],
  "skew": 0.0,
  "pixel_aspect_ratio": 1.0,
  "radial_distortion": [
    0.0,
    0.0,
    0.0
  ],
  "tangential_distortion": [
    0.0,
    0.0
  ],
  "image_size": [
    1920,
    1080
  ],
  "t": 2287598,
  "img_id": "0058"
}