{
  "orientation": [
    [
      -0.9895908236503601,
      0.0182604119181633,
      0.14274661242961884
    ],
    [
      -0.01746564358472824,
      -0.9998242259025574,
      0.006818800698965788
    ],
    [
      -0.1428460329771042,
      -0.004254661034792662,
      -0.9897357821464539
    ]
  ],
  "position": [
    1.3952240943908691,
    0.14163906872272491,
    8.473504066467285
  ],
  "focal_length": 2160.0,
  "principal_point": [
    960.0,
    540.0
  ],
  "skew": 0.0,
  "pixel_aspect_ratio": 1.0,
  "radial_distortion": [
    0.0,
    0.0,
    0.0
  ],
  "tangential_distortion": [
    0.0,
    0.0
  ],
  "image_size": [
    1920,
    1080
  ],
  "t": 2326660,
  "img_id": "0059"
}