{
  "orientation": [
    [
      -0.9897269010543823,
      0.023902174085378647,
      0.14095881581306458
    ],
    [
      -0.022457899525761604,
      -0.999677836894989,
      0.011828186921775341
    ],
    [
      -0.1411961168050766,
      -0.008541036397218704,
      -0.9899448156356812
    ]
  ],
  "position": [
    1.3617719411849976,
    0.1831287145614624,
    8.489051818847656
  ],
  "focal_length": 2160.0,
  "principal_point": [
    960.0,
    540.0
  ],
  "skew": 0.0,
  "pixel_aspect_ratio": 1.0,
  "radial_distortion": [
    0.0,
    0.0,
    0.0
  ],
  "tangential_distortion": [
    0.0,
    0.0
  ],
  "image_size": [
    1920,
    1080
  ],
  "t": 2365723,
  "img_id": "0060"
}