{
  "orientation": [
    [
      -0.99449223279953,
      0.02453554794192314,
      0.10189791023731232
    ],
    [
      -0.021956080570816994,
      -0.999411404132843,
      0.026359261944890022
    ],
    [
      -0.10248467326164246,
      -0.023976802825927734,
      -0.9944455623626709
    ]
  ],
  "position": [
    1.0054179430007935,
    0.30246075987815857,
    8.53433895111084
  ],
  "focal_length": 2160.0,
  "principal_point": [
    960.0,
    540.0
  ],
  "skew": 0.0,
  "pixel_aspect_ratio": 1.0,
  "radial_distortion": [
    0.0,
    0.0,
    0.0
  ],
  "tangential_distortion": [
    0.0,
    0.0
  ],
  "image_size": [
    1920,
    1080
  ],
  "t": 2404785,
  "img_id": "0061"
}