{
  "orientation": [
    [
      -0.9977132081985474,
      0.015692176297307014,
      0.06574303656816483
    ],
    [
      -0.013194435276091099,
      -0.9991808533668518,
      0.038255929946899414
    ],
    [
      -0.0662895068526268,
      -0.03730100393295288,
      -0.9971029758453369
    ]
  ],
  "position": [
    0.693040132522583,
    0.4107581079006195,
    8.584458351135254
  ],
  "focal_length": 2160.0,
  "principal_point": [
    960.0,
    540.0
  ],
  "skew": 0.0,
  "pixel_aspect_ratio": 1.0,
  "radial_distortion": [
    0.0,
    0.0,
    0.0
  ],
  "tangential_distortion": [
    0.0,
    0.0
  ],
  "image_size": [
    1920,
    1080
  ],
  "t": 2443848,
  "img_id": "0062"
}