{
  "orientation": [
    [
      -0.9975194334983826,
      0.004660007078200579,
      0.07023735344409943
    ],
    [
      -0.0021319661755114794,
      -0.9993486404418945,
      0.03602490574121475
    ],
    [
      -0.0703594759106636,
      -0.035785797983407974,
      -0.9968795776367188
    ]
  ],
  "position": [
    0.7603031396865845,
    0.41977912187576294,
    8.613717079162598
  ],
  "focal_length": 2160.0,
  "principal_point": [
    960.0,
    540.0
  ],
  "skew": 0.0,
  "pixel_aspect_ratio": 1.0,
  "radial_distortion": [
    0.0,
    0.0,
    0.0
  ],
  "tangential_distortion": [
    0.0,
    0.0
  ],
  "image_size": [
    1920,
    1080
  ],
  "t": 2482910,
  "img_id": "0063"
}