{
  "orientation": [
    [
      -0.99580317735672,
      -0.008773265406489372,
      0.0910990983247757
    ],
    [
      0.011029425077140331,
      -0.9996440410614014,
      0.024292167276144028
    ],
    [
      -0.09085354954004288,
      -0.025194987654685974,
      -0.995545506477356
    ]
  ],
  "position": [
    0.9999244213104248,
    0.3497374355792999,
    8.626422882080078
  ],
  "focal_length": 2160.0,
  "principal_point": [
    960.0,
    540.0
  ],
  "skew": 0.0,
  "pixel_aspect_ratio": 1.0,
  "radial_distortion": [
    0.0,
    0.0,
    0.0
  ],
  "tangential_distortion": [
    0.0,
    0.0
  ],
  "image_size": [
    1920,
    1080
  ],
  "t": 2521973,
  "img_id": "0064"
}