{
  "orientation": [
    [
      -0.9941101670265198,
      -0.0092758908867836,
      0.1079765260219574
    ],
    [
      0.010544804856181145,
      -0.9998818039894104,
      0.011186719872057438
    ],
    [
      -0.10785999894142151,
      -0.012259422801434994,
      -0.9940904974937439
    ]
  ],
  "position": [
    1.216204047203064,
    0.2435460239648819,
    8.63044548034668
  ],
  "focal_length": 2160.0,
  "principal_point": [
    960.0,
    540.0
  ],
  "skew": 0.0,
  "pixel_aspect_ratio": 1.0,
  "radial_distortion": [
    0.0,
    0.0,
    0.0
  ],
  "tangential_distortion": [
    0.0,
    0.0
  ],
  "image_size": [
    1920,
    1080
  ],
  "t": 2561035,
  "img_id": "0065"
}