{
  "orientation": [
    [
      -0.992110013961792,
      0.004291944671422243,
      0.12529687583446503
    ],
    [
      -0.004366687033325434,
      -0.9999904036521912,
      -0.00032187701435759664
    ],
    [
      -0.1252942979335785,
      0.0008664696360938251,
      -0.9921192526817322
    ]
  ],
  "position": [
    1.4034135341644287,
    0.13612036406993866,
    8.628190040588379
  ],
  "focal_length": 2160.0,
  "principal_point": [
    960.0,
    540.0
  ],
  "skew": 0.0,
  "pixel_aspect_ratio": 1.0,
  "radial_distortion": [
    0.0,
    0.0,
    0.0
  ],
  "tangential_distortion": [
    0.0,
    0.0
  ],
  "image_size": [
    1920,
    1080
  ],
  "t": 2600098,
  "img_id": "0066"
}