{
  "orientation": [
    [
      -0.9892902970314026,
      0.01325420755892992,
      0.1453583836555481
    ],
    [
      -0.01473966520279646,
      -0.9998494982719421,
      -0.009147007018327713
    ],
    [
      -0.14521527290344238,
      0.011191579513251781,
      -0.9893367886543274
    ]
  ],
  "position": [
    1.5668492317199707,
    0.061921123415231705,
    8.621745109558105
  ],
  "focal_length": 2160.0,
  "principal_point": [
    960.0,
    540.0
  ],
  "skew": 0.0,
  "pixel_aspect_ratio": 1.0,
  "radial_distortion": [
    0.0,
    0.0,
    0.0
  ],
  "tangential_distortion": [
    0.0,
    0.0
  ],
  "image_size": [
    1920,
    1080
  ],
  "t": 2639160,
  "img_id": "0067"
}