{
  "orientation": [
    [
      -0.9859246015548706,
      0.020758558064699173,
      0.16589666903018951
    ],
    [
      -0.022869514301419258,
      -0.9996798634529114,
      -0.010824239812791348
    ],
    [
      -0.1656188666820526,
      0.014465861022472382,
      -0.9860837459564209
    ]
  ],
  "position": [
    1.7114152908325195,
    0.05487583577632904,
    8.61324691772461
  ],
  "focal_length": 2160.0,
  "principal_point": [
    960.0,
    540.0
  ],
  "skew": 0.0,
  "pixel_aspect_ratio": 1.0,
  "radial_distortion": [
    0.0,
    0.0,
    0.0
  ],
  "tangential_distortion": [
    0.0,
    0.0
  ],
  "image_size": [
    1920,
    1080
  ],
  "t": 2678223,
  "img_id": "0068"
}