{
  "orientation": [
    [
      -0.9831869006156921,
      0.021269427612423897,
      0.18135908246040344
    ],
    [
      -0.022631647065281868,
      -0.9997290372848511,
      -0.005444865208119154
    ],
    [
      -0.18119412660598755,
      0.009457775391638279,
      -0.983401894569397
    ]
  ],
  "position": [
    1.816787838935852,
    0.1166590079665184,
    8.607918739318848
  ],
  "focal_length": 2160.0,
  "principal_point": [
    960.0,
    540.0
  ],
  "skew": 0.0,
  "pixel_aspect_ratio": 1.0,
  "radial_distortion": [
    0.0,
    0.0,
    0.0
  ],
  "tangential_distortion": [
    0.0,
    0.0
  ],
  "image_size": [
    1920,
    1080
  ],
  "t": 2717285,
  "img_id": "0069"
}