{
  "orientation": [
    [
      -0.9831099510192871,
      0.021538054570555687,
      0.1817442774772644
    ],
    [
      -0.021101858466863632,
      -0.9997679591178894,
      0.0043336148373782635
    ],
    [
      -0.18179544806480408,
      -0.0004252777434885502,
      -0.9833362698554993
    ]
  ],
  "position": [
    1.823229432106018,
    0.1985071301460266,
    8.615805625915527
  ],
  "focal_length": 2160.0,
  "principal_point": [
    960.0,
    540.0
  ],
  "skew": 0.0,
  "pixel_aspect_ratio": 1.0,
  "radial_distortion": [
    0.0,
    0.0,
    0.0
  ],
  "tangential_distortion": [
    0.0,
    0.0
  ],
  "image_size": [
    1920,
    1080
  ],
  "t": 2756348,
  "img_id": "0070"
}