{
  "orientation": [
    [
      -0.9870849251747131,
      0.01887863501906395,
      0.1590816229581833
    ],
    [
      -0.017231130972504616,
      -0.9997827410697937,
      0.011729474179446697
    ],
    [
      -0.15926849842071533,
      -0.008836830966174603,
      -0.9871957302093506
    ]
  ],
  "position": [
    1.6675667762756348,
    0.2472599893808365,
    8.647370338439941
  ],
  "focal_length": 2160.0,
  "principal_point": [
    960.0,
    540.0
  ],
  "skew": 0.0,
  "pixel_aspect_ratio": 1.0,
  "radial_distortion": [
    0.0,
    0.0,
    0.0
  ],
  "tangential_distortion": [
    0.0,
    0.0
  ],
  "image_size": [
    1920,
    1080
  ],
  "t": 2795410,
  "img_id": "0071"
}