{
  "orientation": [
    [
      -0.9938531517982483,
      0.011270170100033283,
      0.11013130098581314
    ],
    [
      -0.01070864126086235,
      -0.9999265074729919,
      0.00568888895213604
    ],
    [
      -0.11018731445074081,
      -0.0044745635241270065,
      -0.9939007759094238
    ]
  ],
  "position": [
    1.2876421213150024,
    0.2101023942232132,
    8.712971687316895
  ],
  "focal_length": 2160.0,
  "principal_point": [
    960.0,
    540.0
  ],
  "skew": 0.0,
  "pixel_aspect_ratio": 1.0,
  "radial_distortion": [
    0.0,
    0.0,
    0.0
  ],
  "tangential_distortion": [
    0.0,
    0.0
  ],
  "image_size": [
    1920,
    1080
  ],
  "t": 2834473,
  "img_id": "0072"
}