{
  "orientation": [
    [
      -0.9986566305160522,
      0.01670968346297741,
      0.049048181623220444
    ],
    [
      -0.017417341470718384,
      -0.9997497797012329,
      -0.014036014676094055
    ],
    [
      -0.048801373690366745,
      0.014871448278427124,
      -0.9986977577209473
    ]
  ],
  "position": [
    0.7811823487281799,
    0.08726048469543457,
    8.80587387084961
  ],
  "focal_length": 2160.0,
  "principal_point": [
    960.0,
    540.0
  ],
  "skew": 0.0,
  "pixel_aspect_ratio": 1.0,
  "radial_distortion": [
    0.0,
    0.0,
    0.0
  ],
  "tangential_distortion": [
    0.0,
    0.0
  ],
  "image_size": [
    1920,
    1080
  ],
  "t": 2873535,
  "img_id": "0073"
}