{
  "orientation": [
    [
      -0.9995508193969727,
      0.018983200192451477,
      0.02319074608385563
    ],
    [
      -0.019701622426509857,
      -0.9993204474449158,
      -0.03115350380539894
    ],
    [
      -0.02258359268307686,
      0.031596407294273376,
      -0.9992455244064331
    ]
  ],
  "position": [
    0.576860785484314,
    -0.011052458547055721,
    8.883930206298828
  ],
  "focal_length": 2160.0,
  "principal_point": [
    960.0,
    540.0
  ],
  "skew": 0.0,
  "pixel_aspect_ratio": 1.0,
  "radial_distortion": [
    0.0,
    0.0,
    0.0
  ],
  "tangential_distortion": [
    0.0,
    0.0
  ],
  "image_size": [
    1920,
    1080
  ],
  "t": 2912598,
  "img_id": "0074"
}