{
  "orientation": [
    [
      -0.9985891580581665,
      0.012081976979970932,
      0.05170810967683792
    ],
    [
      -0.013786515220999718,
      -0.9993689656257629,
      -0.0327359177172184
    ],
    [
      -0.05127996578812599,
      0.03340260684490204,
      -0.9981255531311035
    ]
  ],
  "position": [
    0.870724081993103,
    0.0008852197206579149,
    8.918407440185547
  ],
  "focal_length": 2160.0,
  "principal_point": [
    960.0,
    540.0
  ],
  "skew": 0.0,
  "pixel_aspect_ratio": 1.0,
  "radial_distortion": [
    0.0,
    0.0,
    0.0
  ],
  "tangential_distortion": [
    0.0,
    0.0
  ],
  "image_size": [
    1920,
    1080
  ],
  "t": 2951660,
  "img_id": "0075"
}