{
  "orientation": [
    [
      -0.9963021874427795,
      0.009440423920750618,
      0.08539795875549316
    ],
    [
      -0.011451484635472298,
      -0.9996678233146667,
      -0.023090146481990814
    ],
    [
      -0.08515160530805588,
      0.02398269809782505,
      -0.9960793256759644
    ]
  ],
  "position": [
    1.200858235359192,
    0.1169518381357193,
    8.923441886901855
  ],
  "focal_length": 2160.0,
  "principal_point": [
    960.0,
    540.0
  ],
  "skew": 0.0,
  "pixel_aspect_ratio": 1.0,
  "radial_distortion": [
    0.0,
    0.0,
    0.0
  ],
  "tangential_distortion": [
    0.0,
    0.0
  ],
  "image_size": [
    1920,
    1080
  ],
  "t": 2990723,
  "img_id": "0076"
}