{
  "orientation": [
    [
      -0.9962174892425537,
      -0.00485317362472415,
      0.08675949275493622
    ],
    [
      0.0039294022135436535,
      -0.9999337792396545,
      -0.010815107263624668
    ],
    [
      -0.08680623769760132,
      0.010433285497128963,
      -0.9961705803871155
    ]
  ],
  "position": [
    1.21234130859375,
    0.2785617709159851,
    8.92410659790039
  ],
  "focal_length": 2160.0,
  "principal_point": [
    960.0,
    540.0
  ],
  "skew": 0.0,
  "pixel_aspect_ratio": 1.0,
  "radial_distortion": [
    0.0,
    0.0,
    0.0
  ],
  "tangential_distortion": [
    0.0,
    0.0
  ],
  "image_size": [
    1920,
    1080
  ],
  "t": 3029785,
  "img_id": "0077"
}