{
  "orientation": [
    [
      -0.9968857765197754,
      -0.0009086442296393216,
      0.07885383814573288
    ],
    [
      0.0006442068843171,
      -0.9999940991401672,
      -0.0033788864966481924
    ],
    [
      -0.0788564458489418,
      0.003317565657198429,
      -0.9968804717063904
    ]
  ],
  "position": [
    1.118950366973877,
    0.3184802830219269,
    8.958399772644043
  ],
  "focal_length": 2160.0,
  "principal_point": [
    960.0,
    540.0
  ],
  "skew": 0.0,
  "pixel_aspect_ratio": 1.0,
  "radial_distortion": [
    0.0,
    0.0,
    0.0
  ],
  "tangential_distortion": [
    0.0,
    0.0
  ],
  "image_size": [
    1920,
    1080
  ],
  "t": 3068848,
  "img_id": "0078"
}