{
  "orientation": [
    [
      -0.9965559840202332,
      0.016109660267829895,
      0.08134269714355469
    ],
    [
      -0.01716630719602108,
      -0.9997768998146057,
      -0.012307458557188511
    ],
    [
      -0.08112628012895584,
      0.013661425560712814,
      -0.9966102242469788
    ]
  ],
  "position": [
    1.1237300634384155,
    0.13414639234542847,
    9.043678283691406
  ],
  "focal_length": 2160.0,
  "principal_point": [
    960.0,
    540.0
  ],
  "skew": 0.0,
  "pixel_aspect_ratio": 1.0,
  "radial_distortion": [
    0.0,
    0.0,
    0.0
  ],
  "tangential_distortion": [
    0.0,
    0.0
  ],
  "image_size": [
    1920,
    1080
  ],
  "t": 3107910,
  "img_id": "0079"
}