{
  "orientation": [
    [
      -0.9968540668487549,
      0.026076506823301315,
      0.07484602183103561
    ],
    [
      -0.02904519811272621,
      -0.9988226890563965,
      -0.03885333612561226
    ],
    [
      -0.0737447515130043,
      0.040905024856328964,
      -0.9964379072189331
    ]
  ],
  "position": [
    1.074992060661316,
    -0.10565342754125595,
    9.122944831848145
  ],
  "focal_length": 2160.0,
  "principal_point": [
    960.0,
    540.0
  ],
  "skew": 0.0,
  "pixel_aspect_ratio": 1.0,
  "radial_distortion": [
    0.0,
    0.0,
    0.0
  ],
  "tangential_distortion": [
    0.0,
    0.0
  ],
  "image_size": [
    1920,
    1080
  ],
  "t": 3146973,
  "img_id": "0080"
}