{
  "orientation": [
    [
      -0.9986101388931274,
      0.028497271239757538,
      0.04433593153953552
    ],
    [
      -0.030896035954356194,
      -0.9980413913726807,
      -0.05439465865492821
    ],
    [
      -0.042698994278907776,
      0.05568886175751686,
      -0.9975347518920898
    ]
  ],
  "position": [
    0.8102648258209229,
    -0.22385242581367493,
    9.14081859588623
  ],
  "focal_length": 2160.0,
  "principal_point": [
    960.0,
    540.0
  ],
  "skew": 0.0,
  "pixel_aspect_ratio": 1.0,
  "radial_distortion": [
    0.0,
    0.0,
    0.0
  ],
  "tangential_distortion": [
    0.0,
    0.0
  ],
  "image_size": [
    1920,
    1080
  ],
  "t": 3186035,
  "img_id": "0081"
}