{
  "orientation": [
    [
      -0.9995148777961731,
      0.031075289472937584,
      -0.002071072580292821
    ],
    [
      -0.030908679589629173,
      -0.9979228973388672,
      -0.05652020126581192
    ],
    [
      0.0038231522776186466,
      0.05642877146601677,
      -0.9983993172645569
    ]
  ],
  "position": [
    0.39923909306526184,
    -0.22097010910511017,
    9.10534381866455
  ],
  "focal_length": 2160.0,
  "principal_point": [
    960.0,
    540.0
  ],
  "skew": 0.0,
  "pixel_aspect_ratio": 1.0,
  "radial_distortion": [
    0.0,
    0.0,
    0.0
  ],
  "tangential_distortion": [
    0.0,
    0.0
  ],
  "image_size": [
    1920,
    1080
  ],
  "t": 3225098,
  "img_id": "0082"
}