{
  "orientation": [
    [
      -0.9980681538581848,
      0.03580853343009949,
      -0.05077170208096504
    ],
    [
      -0.03321276605129242,
      -0.9981421828269958,
      -0.051079727709293365
    ],
    [
      0.0525064654648304,
      0.04929478093981743,
      -0.9974032044410706
    ]
  ],
  "position": [
    -0.03327266499400139,
    -0.13965240120887756,
    9.039615631103516
  ],
  "focal_length": 2160.0,
  "principal_point": [
    960.0,
    540.0
  ],
  "skew": 0.0,
  "pixel_aspect_ratio": 1.0,
  "radial_distortion": [
    0.0,
    0.0,
    0.0
  ],
  "tangential_distortion": [
    0.0,
    0.0
  ],
  "image_size": [
    1920,
    1080
  ],
  "t": 3264160,
  "img_id": "0083"
}