{
  "orientation": [
    [
      -0.9956308007240295,
      0.028489194810390472,
      -0.08892480283975601
    ],
    [
      -0.02496267482638359,
      -0.9988667964935303,
      -0.040520794689655304
    ],
    [
      0.08997844159603119,
      0.038123950362205505,
      -0.9952137470245361
    ]
  ],
  "position": [
    -0.362496942281723,
    -0.022542400285601616,
    8.966720581054688
  ],
  "focal_length": 2160.0,
  "principal_point": [
    960.0,
    540.0
  ],
  "skew": 0.0,
  "pixel_aspect_ratio": 1.0,
  "radial_distortion": [
    0.0,
    0.0,
    0.0
  ],
  "tangential_distortion": [
    0.0,
    0.0
  ],
  "image_size": [
    1920,
    1080
  ],
  "t": 3303223,
  "img_id": "0084"
}