{
  "orientation": [
    [
      -0.9940164685249329,
      0.03147011995315552,
      -0.10459865629673004
    ],
    [
      -0.028575101867318153,
      -0.999169111251831,
      -0.029062051326036453
    ],
    [
      0.10542632639408112,
      0.025899240747094154,
      -0.9940897822380066
    ]
  ],
  "position": [
    -0.48739954829216003,
    0.09271594882011414,
    8.906105041503906
  ],
  "focal_length": 2160.0,
  "principal_point": [
    960.0,
    540.0
  ],
  "skew": 0.0,
  "pixel_aspect_ratio": 1.0,
  "radial_distortion": [
    0.0,
    0.0,
    0.0
  ],
  "tangential_distortion": [
    0.0,
    0.0
  ],
  "image_size": [
    1920,
    1080
  ],
  "t": 3342285,
  "img_id": "0085"
}