{
  "orientation": [
    [
      -0.9944716691970825,
      0.03073393926024437,
      -0.10040704905986786
    ],
    [
      -0.02916835993528366,
      -0.9994295239448547,
      -0.01702369749546051
    ],
    [
      0.10087297111749649,
      0.014000875875353813,
      -0.9948008060455322
    ]
  ],
  "position": [
    -0.43049156665802,
    0.19450898468494415,
    8.858232498168945
  ],
  "focal_length": 2160.0,
  "principal_point": [
    960.0,
    540.0
  ],
  "skew": 0.0,
  "pixel_aspect_ratio": 1.0,
  "radial_distortion": [
    0.0,
    0.0,
    0.0
  ],
  "tangential_distortion": [
    0.0,
    0.0
  ],
  "image_size": [
    1920,
    1080
  ],
  "t": 3381348,
  "img_id": "0086"
}