{
  "orientation": [
    [
      -0.9960721731185913,
      0.032806869596242905,
      -0.08224309235811234
    ],
    [
      -0.03242677450180054,
      -0.9994564056396484,
      -0.005953408777713776
    ],
    [
      0.08239369839429855,
      0.0032631466165184975,
      -0.9965944886207581
    ]
  ],
  "position": [
    -0.2542707920074463,
    0.27963611483573914,
    8.817432403564453
  ],
  "focal_length": 2160.0,
  "principal_point": [
    960.0,
    540.0
  ],
  "skew": 0.0,
  "pixel_aspect_ratio": 1.0,
  "radial_distortion": [
    0.0,
    0.0,
    0.0
  ],
  "tangential_distortion": [
    0.0,
    0.0
  ],
  "image_size": [
    1920,
    1080
  ],
  "t": 3420410,
  "img_id": "0087"
}