{
  "orientation": [
    [
      -0.9978702068328857,
      0.03304426744580269,
      -0.056241873651742935
    ],
    [
      -0.03329876437783241,
      -0.999439001083374,
      0.0035937295760959387
    ],
    [
      0.05609156936407089,
      -0.005458860658109188,
      -0.998410701751709
    ]
  ],
  "position": [
    -0.02124553546309471,
    0.3449104428291321,
    8.778026580810547
  ],
  "focal_length": 2160.0,
  "principal_point": [
    960.0,
    540.0
  ],
  "skew": 0.0,
  "pixel_aspect_ratio": 1.0,
  "radial_distortion": [
    0.0,
    0.0,
    0.0
  ],
  "tangential_distortion": [
    0.0,
    0.0
  ],
  "image_size": [
    1920,
    1080
  ],
  "t": 3459473,
  "img_id": "0088"
}