{
  "orientation": [
    [
      -0.9991903305053711,
      0.028495723381638527,
      -0.02840106189250946
    ],
    [
      -0.028805820271372795,
      -0.9995291233062744,
      0.010569749400019646
    ],
    [
      0.028086496517062187,
      -0.011379308067262173,
      -0.9995407462120056
    ]
  ],
  "position": [
    0.21078497171401978,
    0.38773348927497864,
    8.73519515991211
  ],
  "focal_length": 2160.0,
  "principal_point": [
    960.0,
    540.0
  ],
  "skew": 0.0,
  "pixel_aspect_ratio": 1.0,
  "radial_distortion": [
    0.0,
    0.0,
    0.0
  ],
  "tangential_distortion": [
    0.0,
    0.0
  ],
  "image_size": [
    1920,
    1080
  ],
  "t": 3498535,
  "img_id": "0089"
}