{
  "orientation": [
    [
      -0.999724805355072,
      0.02310178056359291,
      -0.004069736693054438
    ],
    [
      -0.023157810792326927,
      -0.9996294975280762,
      0.01430508866906166
    ],
    [
      0.0037377558182924986,
      -0.014395399019122124,
      -0.9998893737792969
    ]
  ],
  "position": [
    0.417995423078537,
    0.4097915291786194,
    8.690252304077148
  ],
  "focal_length": 2160.0,
  "principal_point": [
    960.0,
    540.0
  ],
  "skew": 0.0,
  "pixel_aspect_ratio": 1.0,
  "radial_distortion": [
    0.0,
    0.0,
    0.0
  ],
  "tangential_distortion": [
    0.0,
    0.0
  ],
  "image_size": [
    1920,
    1080
  ],
  "t": 3537598,
  "img_id": "0090"
}