{
  "orientation": [
    [
      -0.9997018575668335,
      0.021053077653050423,
      0.012369913049042225
    ],
    [
      -0.02086692489683628,
      -0.9996699094772339,
      0.014989928342401981
    ],
    [
      -0.012681414373219013,
      -0.0147273363545537,
      -0.9998111128807068
    ]
  ],
  "position": [
    0.5913760662078857,
    0.41463765501976013,
    8.647197723388672
  ],
  "focal_length": 2160.0,
  "principal_point": [
    960.0,
    540.0
  ],
  "skew": 0.0,
  "pixel_aspect_ratio": 1.0,
  "radial_distortion": [
    0.0,
    0.0,
    0.0
  ],
  "tangential_distortion": [
    0.0,
    0.0
  ],
  "image_size": [
    1920,
    1080
  ],
  "t": 3576660,
  "img_id": "0091"
}