{
  "orientation": [
    [
      -0.9994638562202454,
      0.023972434923052788,
      0.022300297394394875
    ],
    [
      -0.023680878803133965,
      -0.9996317625045776,
      0.013247614726424217
    ],
    [
      -0.022609664127230644,
      -0.012712421827018261,
      -0.9996635317802429
    ]
  ],
  "position": [
    0.7219985127449036,
    0.40583425760269165,
    8.610039710998535
  ],
  "focal_length": 2160.0,
  "principal_point": [
    960.0,
    540.0
  ],
  "skew": 0.0,
  "pixel_aspect_ratio": 1.0,
  "radial_distortion": [
    0.0,
    0.0,
    0.0
  ],
  "tangential_distortion": [
    0.0,
    0.0
  ],
  "image_size": [
    1920,
    1080
  ],
  "t": 3615723,
  "img_id": "0092"
}