{
  "orientation": [
    [
      -0.9994354844093323,
      0.015640366822481155,
      0.029734550043940544
    ],
    [
      -0.015371070243418217,
      -0.9998389482498169,
      0.00926382839679718
    ],
    [
      -0.0298746507614851,
      -0.00880154687911272,
      -0.9995148777961731
    ]
  ],
  "position": [
    0.800919234752655,
    0.3869437873363495,
    8.58279037475586
  ],
  "focal_length": 2160.0,
  "principal_point": [
    960.0,
    540.0
  ],
  "skew": 0.0,
  "pixel_aspect_ratio": 1.0,
  "radial_distortion": [
    0.0,
    0.0,
    0.0
  ],
  "tangential_distortion": [
    0.0,
    0.0
  ],
  "image_size": [
    1920,
    1080
  ],
  "t": 3654785,
  "img_id": "0093"
}