{
  "orientation": [
    [
      -0.9993613958358765,
      0.010984537191689014,
      0.03400235250592232
    ],
    [
      -0.01084929145872593,
      -0.9999324679374695,
      0.00415948498994112
    ],
    [
      -0.0340457484126091,
      -0.003787927096709609,
      -0.9994130730628967
    ]
  ],
  "position": [
    0.8192050457000732,
    0.3615274429321289,
    8.569457054138184
  ],
  "focal_length": 2160.0,
  "principal_point": [
    960.0,
    540.0
  ],
  "skew": 0.0,
  "pixel_aspect_ratio": 1.0,
  "radial_distortion": [
    0.0,
    0.0,
    0.0
  ],
  "tangential_distortion": [
    0.0,
    0.0
  ],
  "image_size": [
    1920,
    1080
  ],
  "t": 3693848,
  "img_id": "0094"
}