{
  "orientation": [
    [
      -0.9992510676383972,
      0.02132249064743519,
      0.032291051000356674
    ],
    [
      -0.0213551614433527,
      -0.9997717142105103,
      -0.0006671732407994568
    ],
    [
      -0.03226945549249649,
      0.0013562542153522372,
      -0.999478280544281
    ]
  ],
  "position": [
    0.7679179906845093,
    0.3331485390663147,
    8.574050903320312
  ],
  "focal_length": 2160.0,
  "principal_point": [
    960.0,
    540.0
  ],
  "skew": 0.0,
  "pixel_aspect_ratio": 1.0,
  "radial_distortion": [
    0.0,
    0.0,
    0.0
  ],
  "tangential_distortion": [
    0.0,
    0.0
  ],
  "image_size": [
    1920,
    1080
  ],
  "t": 3732910,
  "img_id": "0095"
}