{
  "orientation": [
    [
      -0.9992856383323669,
      0.030777983367443085,
      0.021929994225502014
    ],
    [
      -0.030894875526428223,
      -0.9995100498199463,
      -0.005011455155909061
    ],
    [
      -0.021765006706118584,
      0.0056853992864489555,
      -0.9997469186782837
    ]
  ],
  "position": [
    0.6381289958953857,
    0.3053646683692932,
    8.600578308105469
  ],
  "focal_length": 2160.0,
  "principal_point": [
    960.0,
    540.0
  ],
  "skew": 0.0,
  "pixel_aspect_ratio": 1.0,
  "radial_distortion": [
    0.0,
    0.0,
    0.0
  ],
  "tangential_distortion": [
    0.0,
    0.0
  ],
  "image_size": [
    1920,
    1080
  ],
  "t": 3771973,
  "img_id": "0096"
}