{
  "orientation": [
    [
      -0.9995269775390625,
      0.030713003128767014,
      0.0015786291332915425
    ],
    [
      -0.030725717544555664,
      -0.9994892477989197,
      -0.008784409612417221
    ],
    [
      -0.0013080273056402802,
      0.00882875919342041,
      -0.99996018409729
    ]
  ],
  "position": [
    0.43091168999671936,
    0.2788051962852478,
    8.650135040283203
  ],
  "focal_length": 2160.0,
  "principal_point": [
    960.0,
    540.0
  ],
  "skew": 0.0,
  "pixel_aspect_ratio": 1.0,
  "radial_distortion": [
    0.0,
    0.0,
    0.0
  ],
  "tangential_distortion": [
    0.0,
    0.0
  ],
  "image_size": [
    1920,
    1080
  ],
  "t": 3811035,
  "img_id": "0097"
}