{
  "orientation": [
    [
      -0.9991839528083801,
      0.03131221607327461,
      -0.025514919310808182
    ],
    [
      -0.03099476359784603,
      -0.9994382858276367,
      -0.01274383906275034
    ],
    [
      0.025899624451994896,
      0.011942610144615173,
      -0.999593198299408
    ]
  ],
  "position": [
    0.17586128413677216,
    0.24572667479515076,
    8.7155122756958
  ],
  "focal_length": 2160.0,
  "principal_point": [
    960.0,
    540.0
  ],
  "skew": 0.0,
  "pixel_aspect_ratio": 1.0,
  "radial_distortion": [
    0.0,
    0.0,
    0.0
  ],
  "tangential_distortion": [
    0.0,
    0.0
  ],
  "image_size": [
    1920,
    1080
  ],
  "t": 3850098,
  "img_id": "0098"
}