{
  "orientation": [
    [
      -0.9978617429733276,
      0.03574070706963539,
      -0.054722514003515244
    ],
    [
      -0.034777332097291946,
      -0.9992246627807617,
      -0.018457191064953804
    ],
    [
      0.0553397573530674,
      0.016514621675014496,
      -0.9983310103416443
    ]
  ],
  "position": [
    -0.09234319627285004,
    0.19690456986427307,
    8.788021087646484
  ],
  "focal_length": 2160.0,
  "principal_point": [
    960.0,
    540.0
  ],
  "skew": 0.0,
  "pixel_aspect_ratio": 1.0,
  "radial_distortion": [
    0.0,
    0.0,
    0.0
  ],
  "tangential_distortion": [
    0.0,
    0.0
  ],
  "image_size": [
    1920,
    1080
  ],
  "t": 3889160,
  "img_id": "0099"
}