{
  "orientation": [
    [
      -0.9961199760437012,
      0.033961888402700424,
      -0.08118869364261627
    ],
    [
      -0.03185463324189186,
      -0.9991247653961182,
      -0.027111269533634186
    ],
    [
      0.08203838765621185,
      0.024419842287898064,
      -0.9963299632072449
    ]
  ],
  "position": [
    -0.3390483558177948,
    0.1231098473072052,
    8.858978271484375
  ],
  "focal_length": 2160.0,
  "principal_point": [
    960.0,
    540.0
  ],
  "skew": 0.0,
  "pixel_aspect_ratio": 1.0,
  "radial_distortion": [
    0.0,
    0.0,
    0.0
  ],
  "tangential_distortion": [
    0.0,
    0.0
  ],
  "image_size": [
    1920,
    1080
  ],
  "t": 3928223,
  "img_id": "0100"
}