{
  "orientation": [
    [
      -0.9939099550247192,
      0.042206984013319016,
      -0.101791612803936
    ],
    [
      -0.03825798258185387,
      -0.9984492063522339,
      -0.04044086113572121
    ],
    [
      0.10334064066410065,
      0.03630023077130318,
      -0.9939833879470825
    ]
  ],
  "position": [
    -0.5410803556442261,
    0.02199533022940159,
    8.920595169067383
  ],
  "focal_length": 2160.0,
  "principal_point": [
    960.0,
    540.0
  ],
  "skew": 0.0,
  "pixel_aspect_ratio": 1.0,
  "radial_distortion": [
    0.0,
    0.0,
    0.0
  ],
  "tangential_distortion": [
    0.0,
    0.0
  ],
  "image_size": [
    1920,
    1080
  ],
  "t": 3967285,
  "img_id": "0101"
}