{
  "orientation": [
    [
      -0.9913649559020996,
      0.05264103412628174,
      -0.12010180205106735
    ],
    [
      -0.04650306701660156,
      -0.9974924325942993,
      -0.05335073918104172
    ],
    [
      0.12260907143354416,
      0.04730495065450668,
      -0.9913270473480225
    ]
  ],
  "position": [
    -0.7200289964675903,
    -0.08205733448266983,
    8.968585014343262
  ],
  "focal_length": 2160.0,
  "principal_point": [
    960.0,
    540.0
  ],
  "skew": 0.0,
  "pixel_aspect_ratio": 1.0,
  "radial_distortion": [
    0.0,
    0.0,
    0.0
  ],
  "tangential_distortion": [
    0.0,
    0.0
  ],
  "image_size": [
    1920,
    1080
  ],
  "t": 4006348,
  "img_id": "0102"
}