{
  "orientation": [
    [
      -0.9884876608848572,
      0.055460792034864426,
      -0.14077015221118927
    ],
    [
      -0.047474443912506104,
      -0.9971003532409668,
      -0.059473343193531036
    ],
    [
      0.14366041123867035,
      0.052105680108070374,
      -0.9882543683052063
    ]
  ],
  "position": [
    -0.9083380699157715,
    -0.15815840661525726,
    8.999505043029785
  ],
  "focal_length": 2160.0,
  "principal_point": [
    960.0,
    540.0
  ],
  "skew": 0.0,
  "pixel_aspect_ratio": 1.0,
  "radial_distortion": [
    0.0,
    0.0,
    0.0
  ],
  "tangential_distortion": [
    0.0,
    0.0
  ],
  "image_size": [
    1920,
    1080
  ],
  "t": 4045410,
  "img_id": "0103"
}