{
  "orientation": [
    [
      -0.9845084547996521,
      0.05620364844799042,
      -0.16608498990535736
    ],
    [
      -0.04700751602649689,
      -0.9971626996994019,
      -0.05879450589418411
    ],
    [
      0.16891822218894958,
      0.0500764437019825,
      -0.9843571186065674
    ]
  ],
  "position": [
    -1.138471245765686,
    -0.17542630434036255,
    9.009917259216309
  ],
  "focal_length": 2160.0,
  "principal_point": [
    960.0,
    540.0
  ],
  "skew": 0.0,
  "pixel_aspect_ratio": 1.0,
  "radial_distortion": [
    0.0,
    0.0,
    0.0
  ],
  "tangential_distortion": [
    0.0,
    0.0
  ],
  "image_size": [
    1920,
    1080
  ],
  "t": 4084473,
  "img_id": "0104"
}