{
  "orientation": [
    [
      -0.9783998131752014,
      0.06185879185795784,
      -0.19724929332733154
    ],
    [
      -0.052261192351579666,
      -0.9971992373466492,
      -0.053501829504966736
    ],
    [
      0.2000063955783844,
      0.04203769564628601,
      -0.9788923859596252
    ]
  ],
  "position": [
    -1.429919719696045,
    -0.11210718750953674,
    8.997945785522461
  ],
  "focal_length": 2160.0,
  "principal_point": [
    960.0,
    540.0
  ],
  "skew": 0.0,
  "pixel_aspect_ratio": 1.0,
  "radial_distortion": [
    0.0,
    0.0,
    0.0
  ],
  "tangential_distortion": [
    0.0,
    0.0
  ],
  "image_size": [
    1920,
    1080
  ],
  "t": 4123535,
  "img_id": "0105"
}