{
  "orientation": [
    [
      -0.9710376858711243,
      0.06084531173110008,
      -0.23104910552501678
    ],
    [
      -0.052322085946798325,
      -0.9977107048034668,
      -0.04284502938389778
    ],
    [
      0.23312708735466003,
      0.029515165835618973,
      -0.9719982743263245
    ]
  ],
  "position": [
    -1.733256220817566,
    0.004939150996506214,
    8.97004222869873
  ],
  "focal_length": 2160.0,
  "principal_point": [
    960.0,
    540.0
  ],
  "skew": 0.0,
  "pixel_aspect_ratio": 1.0,
  "radial_distortion": [
    0.0,
    0.0,
    0.0
  ],
  "tangential_distortion": [
    0.0,
    0.0
  ],
  "image_size": [
    1920,
    1080
  ],
  "t": 4162598,
  "img_id": "0106"
}