{
  "orientation": [
    [
      -0.9639137387275696,
      0.054963573813438416,
      -0.26047906279563904
    ],
    [
      -0.04909825697541237,
      -0.9983735680580139,
      -0.028976203873753548
    ],
    [
      0.2616480588912964,
      0.015141491778194904,
      -0.9650445580482483
    ]
  ],
  "position": [
    -1.976171612739563,
    0.1327301561832428,
    8.93542194366455
  ],
  "focal_length": 2160.0,
  "principal_point": [
    960.0,
    540.0
  ],
  "skew": 0.0,
  "pixel_aspect_ratio": 1.0,
  "radial_distortion": [
    0.0,
    0.0,
    0.0
  ],
  "tangential_distortion": [
    0.0,
    0.0
  ],
  "image_size": [
    1920,
    1080
  ],
  "t": 4201660,
  "img_id": "0107"
}