{
  "orientation": [
    [
      -0.9597267508506775,
      0.05059890076518059,
      -0.2763408422470093
    ],
    [
      -0.04715820401906967,
      -0.9987050890922546,
      -0.019086522981524467
    ],
    [
      0.2769487500190735,
      0.00528611009940505,
      -0.9608701467514038
    ]
  ],
  "position": [
    -2.08636736869812,
    0.22828388214111328,
    8.903298377990723
  ],
  "focal_length": 2160.0,
  "principal_point": [
    960.0,
    540.0
  ],
  "skew": 0.0,
  "pixel_aspect_ratio": 1.0,
  "radial_distortion": [
    0.0,
    0.0,
    0.0
  ],
  "tangential_distortion": [
    0.0,
    0.0
  ],
  "image_size": [
    1920,
    1080
  ],
  "t": 4240723,
  "img_id": "0108"
}