{
  "orientation": [
    [
      -0.9610656499862671,
      0.050396375358104706,
      -0.27168551087379456
    ],
    [
      -0.047013018280267715,
      -0.9987144470214844,
      -0.018952030688524246
    ],
    [
      0.272291362285614,
      0.005441389977931976,
      -0.9621994495391846
    ]
  ],
  "position": [
    -2.0101799964904785,
    0.2597736716270447,
    8.880178451538086
  ],
  "focal_length": 2160.0,
  "principal_point": [
    960.0,
    540.0
  ],
  "skew": 0.0,
  "pixel_aspect_ratio": 1.0,
  "radial_distortion": [
    0.0,
    0.0,
    0.0
  ],
  "tangential_distortion": [
    0.0,
    0.0
  ],
  "image_size": [
    1920,
    1080
  ],
  "t": 4279785,
  "img_id": "0109"
}