{
  "orientation": [
    [
      -0.9656471014022827,
      0.05490564554929733,
      -0.2539903521537781
    ],
    [
      -0.05125593766570091,
      -0.998465359210968,
      -0.020970238372683525
    ],
    [
      0.25475195050239563,
      0.007231334690004587,
      -0.9669793844223022
    ]
  ],
  "position": [
    -1.8313539028167725,
    0.2776416838169098,
    8.852593421936035
  ],
  "focal_length": 2160.0,
  "principal_point": [
    960.0,
    540.0
  ],
  "skew": 0.0,
  "pixel_aspect_ratio": 1.0,
  "radial_distortion": [
    0.0,
    0.0,
    0.0
  ],
  "tangential_distortion": [
    0.0,
    0.0
  ],
  "image_size": [
    1920,
    1080
  ],
  "t": 4318848,
  "img_id": "0110"
}