{
  "orientation": [
    [
      -0.9693372249603271,
      0.05999334529042244,
      -0.23829853534698486
    ],
    [
      -0.05906270444393158,
      -0.998193085193634,
      -0.011050289496779442
    ],
    [
      0.23853090405464172,
      -0.003363098716363311,
      -0.9711290597915649
    ]
  ],
  "position": [
    -1.695060133934021,
    0.36909395456314087,
    8.7981538772583
  ],
  "focal_length": 2160.0,
  "principal_point": [
    960.0,
    540.0
  ],
  "skew": 0.0,
  "pixel_aspect_ratio": 1.0,
  "radial_distortion": [
    0.0,
    0.0,
    0.0
  ],
  "tangential_distortion": [
    0.0,
    0.0
  ],
  "image_size": [
    1920,
    1080
  ],
  "t": 4357910,
  "img_id": "0111"
}