{
  "orientation": [
    [
      -0.9674929976463318,
      0.052673984318971634,
      -0.24735145270824432
    ],
    [
      -0.05948880314826965,
      -0.9980255365371704,
      0.020153600722551346
    ],
    [
      0.24580149352550507,
      -0.0342131108045578,
      -0.9687162041664124
    ]
  ],
  "position": [
    -1.74620521068573,
    0.6208332180976868,
    8.694559097290039
  ],
  "focal_length": 2160.0,
  "principal_point": [
    960.0,
    540.0
  ],
  "skew": 0.0,
  "pixel_aspect_ratio": 1.0,
  "radial_distortion": [
    0.0,
    0.0,
    0.0
  ],
  "tangential_distortion": [
    0.0,
    0.0
  ],
  "image_size": [
    1920,
    1080
  ],
  "t": 4396973,
  "img_id": "0112"
}