{
  "orientation": [
    [
      -0.9565376043319702,
      0.03924180567264557,
      -0.2889566421508789
    ],
    [
      -0.059685081243515015,
      -0.9962726831436157,
      0.06227746605873108
    ],
    [
      0.2854357063770294,
      -0.07681713998317719,
      -0.9553143978118896
    ]
  ],
  "position": [
    -2.028440475463867,
    0.9912699460983276,
    8.545050621032715
  ],
  "focal_length": 2160.0,
  "principal_point": [
    960.0,
    540.0
  ],
  "skew": 0.0,
  "pixel_aspect_ratio": 1.0,
  "radial_distortion": [
    0.0,
    0.0,
    0.0
  ],
  "tangential_distortion": [
    0.0,
    0.0
  ],
  "image_size": [
    1920,
    1080
  ],
  "t": 4436035,
  "img_id": "0113"
}