{
  "orientation": [
    [
      -0.9416974186897278,
      0.04155997931957245,
      -0.33388426899909973
    ],
    [
      -0.07057639211416245,
      -0.9946643114089966,
      0.07524578273296356
    ],
    [
      0.3289755582809448,
      -0.09442310780286789,
      -0.9396059513092041
    ]
  ],
  "position": [
    -2.365788221359253,
    1.1608467102050781,
    8.40823745727539
  ],
  "focal_length": 2160.0,
  "principal_point": [
    960.0,
    540.0
  ],
  "skew": 0.0,
  "pixel_aspect_ratio": 1.0,
  "radial_distortion": [
    0.0,
    0.0,
    0.0
  ],
  "tangential_distortion": [
    0.0,
    0.0
  ],
  "image_size": [
    1920,
    1080
  ],
  "t": 4475098,
  "img_id": "0114"
}