{
  "orientation": [
    [
      -0.9324175119400024,
      0.043061815202236176,
      -0.35880815982818604
    ],
    [
      -0.06474008411169052,
      -0.9967171549797058,
      0.04861743748188019
    ],
    [
      0.35553666949272156,
      -0.06856101751327515,
      -0.9321443438529968
    ]
  ],
  "position": [
    -2.6181044578552246,
    0.9557288289070129,
    8.32693862915039
  ],
  "focal_length": 2160.0,
  "principal_point": [
    960.0,
    540.0
  ],
  "skew": 0.0,
  "pixel_aspect_ratio": 1.0,
  "radial_distortion": [
    0.0,
    0.0,
    0.0
  ],
  "tangential_distortion": [
    0.0,
    0.0
  ],
  "image_size": [
    1920,
    1080
  ],
  "t": 4514160,
  "img_id": "0115"
}