{
  "orientation": [
    [
      -0.927547812461853,
      0.03708320111036301,
      -0.3718600273132324
    ],
    [
      -0.04750796779990196,
      -0.9986918568611145,
      0.018908238038420677
    ],
    [
      0.37067240476608276,
      -0.035204607993364334,
      -0.9280962347984314
    ]
  ],
  "position": [
    -2.8079161643981934,
    0.6603271961212158,
    8.285953521728516
  ],
  "focal_length": 2160.0,
  "principal_point": [
    960.0,
    540.0
  ],
  "skew": 0.0,
  "pixel_aspect_ratio": 1.0,
  "radial_distortion": [
    0.0,
    0.0,
    0.0
  ],
  "tangential_distortion": [
    0.0,
    0.0
  ],
  "image_size": [
    1920,
    1080
  ],
  "t": 4553223,
  "img_id": "0116"
}