{
  "orientation": [
    [
      -0.9235931038856506,
      0.02213776484131813,
      -0.3827344477176666
    ],
    [
      -0.03076796978712082,
      -0.9993913173675537,
      0.016441673040390015
    ],
    [
      0.3821375072002411,
      -0.026961376890540123,
      -0.9237120747566223
    ]
  ],
  "position": [
    -2.9707694053649902,
    0.5404711365699768,
    8.265066146850586
  ],
  "focal_length": 2160.0,
  "principal_point": [
    960.0,
    540.0
  ],
  "skew": 0.0,
  "pixel_aspect_ratio": 1.0,
  "radial_distortion": [
    0.0,
    0.0,
    0.0
  ],
  "tangential_distortion": [
    0.0,
    0.0
  ],
  "image_size": [
    1920,
    1080
  ],
  "t": 4592285,
  "img_id": "0117"
}