{
  "orientation": [
    [
      -0.9200769662857056,
      0.012714207172393799,
      -0.39153119921684265
    ],
    [
      -0.026800155639648438,
      -0.9991744160652161,
      0.030532678589224815
    ],
    [
      0.3908197581768036,
      -0.03858551010489464,
      -0.9196581244468689
    ]
  ],
  "position": [
    -3.1067955493927,
    0.6003199815750122,
    8.255620956420898
  ],
  "focal_length": 2160.0,
  "principal_point": [
    960.0,
    540.0
  ],
  "skew": 0.0,
  "pixel_aspect_ratio": 1.0,
  "radial_distortion": [
    0.0,
    0.0,
    0.0
  ],
  "tangential_distortion": [
    0.0,
    0.0
  ],
  "image_size": [
    1920,
    1080
  ],
  "t": 4631348,
  "img_id": "0118"
}