{
  "orientation": [
    [
      -0.9167836904525757,
      0.0174904502928257,
      -0.399000883102417
    ],
    [
      -0.040202029049396515,
      -0.9980077743530273,
      0.04862385615706444
    ],
    [
      0.3973555266857147,
      -0.06061820685863495,
      -0.9156604409217834
    ]
  ],
  "position": [
    -3.209669828414917,
    0.7964798808097839,
    8.25106430053711
  ],
  "focal_length": 2160.0,
  "principal_point": [
    960.0,
    540.0
  ],
  "skew": 0.0,
  "pixel_aspect_ratio": 1.0,
  "radial_distortion": [
    0.0,
    0.0,
    0.0
  ],
  "tangential_distortion": [
    0.0,
    0.0
  ],
  "image_size": [
    1920,
    1080
  ],
  "t": 4670410,
  "img_id": "0119"
}