{
  "orientation": [
    [
      -0.91231369972229,
      0.01425655372440815,
      -0.40924376249313354
    ],
    [
      -0.050884634256362915,
      -0.9955946803092957,
      0.07875256985425949
    ],
    [
      0.40631818771362305,
      -0.09267126768827438,
      -0.9090201258659363
    ]
  ],
  "position": [
    -3.2730801105499268,
    1.0855685472488403,
    8.244844436645508
  ],
  "focal_length": 2160.0,
  "principal_point": [
    960.0,
    540.0
  ],
  "skew": 0.0,
  "pixel_aspect_ratio": 1.0,
  "radial_distortion": [
    0.0,
    0.0,
    0.0
  ],
  "tangential_distortion": [
    0.0,
    0.0
  ],
  "image_size": [
    1920,
    1080
  ],
  "t": 4709473,
  "img_id": "0120"
}