{
  "orientation": [
    [
      -0.906938374042511,
      -0.0035214019007980824,
      -0.4212486445903778
    ],
    [
      -0.0525694414973259,
      -0.9912024736404419,
      0.12146665900945663
    ],
    [
      0.4179704189300537,
      -0.13230757415294647,
      -0.8987743854522705
    ]
  ],
  "position": [
    -3.298091411590576,
    1.4235150814056396,
    8.230643272399902
  ],
  "focal_length": 2160.0,
  "principal_point": [
    960.0,
    540.0
  ],
  "skew": 0.0,
  "pixel_aspect_ratio": 1.0,
  "radial_distortion": [
    0.0,
    0.0,
    0.0
  ],
  "tangential_distortion": [
    0.0,
    0.0
  ],
  "image_size": [
    1920,
    1080
  ],
  "t": 4748535,
  "img_id": "0121"
}