{
  "orientation": [
    [
      -0.9035717248916626,
      0.009874668903648853,
      -0.42832309007644653
    ],
    [
      -0.0800904929637909,
      -0.986004114151001,
      0.14622382819652557
    ],
    [
      0.4208844006061554,
      -0.1664283126592636,
      -0.8917163014411926
    ]
  ],
  "position": [
    -3.315199136734009,
    1.763628602027893,
    8.20309066772461
  ],
  "focal_length": 2160.0,
  "principal_point": [
    960.0,
    540.0
  ],
  "skew": 0.0,
  "pixel_aspect_ratio": 1.0,
  "radial_distortion": [
    0.0,
    0.0,
    0.0
  ],
  "tangential_distortion": [
    0.0,
    0.0
  ],
  "image_size": [
    1920,
    1080
  ],
  "t": 4787598,
  "img_id": "0122"
}