{
  "orientation": [
    [
      -0.9008263945579529,
      -0.001998156774789095,
      -0.43417486548423767
    ],
    [
      -0.08288535475730896,
      -0.9808074235916138,
      0.17648446559906006
    ],
    [
      0.42619457840919495,
      -0.19496861100196838,
      -0.8833716511726379
    ]
  ],
  "position": [
    -3.362220525741577,
    2.0585250854492188,
    8.157052040100098
  ],
  "focal_length": 2160.0,
  "principal_point": [
    960.0,
    540.0
  ],
  "skew": 0.0,
  "pixel_aspect_ratio": 1.0,
  "radial_distortion": [
    0.0,
    0.0,
    0.0
  ],
  "tangential_distortion": [
    0.0,
    0.0
  ],
  "image_size": [
    1920,
    1080
  ],
  "t": 4826660,
  "img_id": "0123"
}