{
  "orientation": [
    [
      -0.8944546580314636,
      -0.010061395354568958,
      -0.4470454454421997
    ],
    [
      -0.08776920288801193,
      -0.976348876953125,
      0.19758394360542297
    ],
    [
      0.4384602904319763,
      -0.21596670150756836,
      -0.8724167346954346
    ]
  ],
  "position": [
    -3.476977825164795,
    2.2608516216278076,
    8.08738899230957
  ],
  "focal_length": 2160.0,
  "principal_point": [
    960.0,
    540.0
  ],
  "skew": 0.0,
  "pixel_aspect_ratio": 1.0,
  "radial_distortion": [
    0.0,
    0.0,
    0.0
  ],
  "tangential_distortion": [
    0.0,
    0.0
  ],
  "image_size": [
    1920,
    1080
  ],
  "t": 4865723,
  "img_id": "0124"
}