{
  "orientation": [
    [
      -0.8838077187538147,
      -0.010353393852710724,
      -0.4677357077598572
    ],
    [
      -0.0967385396361351,
      -0.9741052985191345,
      0.20435377955436707
    ],
    [
      0.45773962140083313,
      -0.22585752606391907,
      -0.8599202632904053
    ]
  ],
  "position": [
    -3.685365676879883,
    2.3347604274749756,
    7.991147518157959
  ],
  "focal_length": 2160.0,
  "principal_point": [
    960.0,
    540.0
  ],
  "skew": 0.0,
  "pixel_aspect_ratio": 1.0,
  "radial_distortion": [
    0.0,
    0.0,
    0.0
  ],
  "tangential_distortion": [
    0.0,
    0.0
  ],
  "image_size": [
    1920,
    1080
  ],
  "t": 4904785,
  "img_id": "0125"
}