{
  "orientation": [
    [
      -0.8694108128547668,
      -0.005006280727684498,
      -0.4940645694732666
    ],
    [
      -0.10625972598791122,
      -0.9746558666229248,
      0.19686244428157806
    ],
    [
      0.4825284779071808,
      -0.22365349531173706,
      -0.8468443751335144
    ]
  ],
  "position": [
    -3.948275327682495,
    2.3073182106018066,
    7.877255439758301
  ],
  "focal_length": 2160.0,
  "principal_point": [
    960.0,
    540.0
  ],
  "skew": 0.0,
  "pixel_aspect_ratio": 1.0,
  "radial_distortion": [
    0.0,
    0.0,
    0.0
  ],
  "tangential_distortion": [
    0.0,
    0.0
  ],
  "image_size": [
    1920,
    1080
  ],
  "t": 4943848,
  "img_id": "0126"
}