{
  "orientation": [
    [
      -0.852144718170166,
      0.007530168164521456,
      -0.523252010345459
    ],
    [
      -0.11664213240146637,
      -0.9774747490882874,
      0.1758912205696106
    ],
    [
      0.510141134262085,
      -0.21091800928115845,
      -0.833828330039978
    ]
  ],
  "position": [
    -4.2045111656188965,
    2.226933002471924,
    7.758683204650879
  ],
  "focal_length": 2160.0,
  "principal_point": [
    960.0,
    540.0
  ],
  "skew": 0.0,
  "pixel_aspect_ratio": 1.0,
  "radial_distortion": [
    0.0,
    0.0,
    0.0
  ],
  "tangential_distortion": [
    0.0,
    0.0
  ],
  "image_size": [
    1920,
    1080
  ],
  "t": 4982910,
  "img_id": "0127"
}