{
  "orientation": [
    [
      -0.8371255993843079,
      0.01435784064233303,
      -0.546822190284729
    ],
    [
      -0.12125542759895325,
      -0.9796566367149353,
      0.15990622341632843
    ],
    [
      0.5334020853042603,
      -0.2001667618751526,
      -0.8218366503715515
    ]
  ],
  "position": [
    -4.393336772918701,
    2.1417863368988037,
    7.648326396942139
  ],
  "focal_length": 2160.0,
  "principal_point": [
    960.0,
    540.0
  ],
  "skew": 0.0,
  "pixel_aspect_ratio": 1.0,
  "radial_distortion": [
    0.0,
    0.0,
    0.0
  ],
  "tangential_distortion": [
    0.0,
    0.0
  ],
  "image_size": [
    1920,
    1080
  ],
  "t": 5021973,
  "img_id": "0128"
}