{
  "orientation": [
    [
      -0.8283165097236633,
      0.007546354550868273,
      -0.5602096319198608
    ],
    [
      -0.11779110133647919,
      -0.9799060225486755,
      0.1609640270471573
    ],
    [
      0.5477380752563477,
      -0.1993168592453003,
      -0.8125612139701843
    ]
  ],
  "position": [
    -4.487331867218018,
    2.0823795795440674,
    7.554110050201416
  ],
  "focal_length": 2160.0,
  "principal_point": [
    960.0,
    540.0
  ],
  "skew": 0.0,
  "pixel_aspect_ratio": 1.0,
  "radial_distortion": [
    0.0,
    0.0,
    0.0
  ],
  "tangential_distortion": [
    0.0,
    0.0
  ],
  "image_size": [
    1920,
    1080
  ],
  "t": 5061035,
  "img_id": "0129"
}