{
  "orientation": [
    [
      -0.8242549896240234,
      -0.0031608131248503923,
      -0.5662099719047546
    ],
    [
      -0.11120907217264175,
      -0.9796035289764404,
      0.16736014187335968
    ],
    [
      0.5551902651786804,
      -0.2009151130914688,
      -0.8070915937423706
    ]
  ],
  "position": [
    -4.514694690704346,
    2.0497078895568848,
    7.475642204284668
  ],
  "focal_length": 2160.0,
  "principal_point": [
    960.0,
    540.0
  ],
  "skew": 0.0,
  "pixel_aspect_ratio": 1.0,
  "radial_distortion": [
    0.0,
    0.0,
    0.0
  ],
  "tangential_distortion": [
    0.0,
    0.0
  ],
  "image_size": [
    1920,
    1080
  ],
  "t": 5100098,
  "img_id": "0130"
}