{
  "orientation": [
    [
      -0.8229359984397888,
      -0.010225825943052769,
      -0.5680420994758606
    ],
    [
      -0.10547340661287308,
      -0.9797071814537048,
      0.17043837904930115
    ],
    [
      0.5582577586174011,
      -0.20017321407794952,
      -0.8051577210426331
    ]
  ],
  "position": [
    -4.508892059326172,
    2.0419721603393555,
    7.4117512702941895
  ],
  "focal_length": 2160.0,
  "principal_point": [
    960.0,
    540.0
  ],
  "skew": 0.0,
  "pixel_aspect_ratio": 1.0,
  "radial_distortion": [
    0.0,
    0.0,
    0.0
  ],
  "tangential_distortion": [
    0.0,
    0.0
  ],
  "image_size": [
    1920,
    1080
  ],
  "t": 5139160,
  "img_id": "0131"
}