{
  "orientation": [
    [
      -0.8236653804779053,
      -0.02536689303815365,
      -0.5665084719657898
    ],
    [
      -0.09312206506729126,
      -0.9793868064880371,
      0.17924784123897552
    ],
    [
      0.5593778491020203,
      -0.2003946751356125,
      -0.8043248057365417
    ]
  ],
  "position": [
    -4.503310203552246,
    2.0573480129241943,
    7.361265182495117
  ],
  "focal_length": 2160.0,
  "principal_point": [
    960.0,
    540.0
  ],
  "skew": 0.0,
  "pixel_aspect_ratio": 1.0,
  "radial_distortion": [
    0.0,
    0.0,
    0.0
  ],
  "tangential_distortion": [
    0.0,
    0.0
  ],
  "image_size": [
    1920,
    1080
  ],
  "t": 5178223,
  "img_id": "0132"
}