{
  "orientation": [
    [
      -0.8241622447967529,
      -0.040087513625621796,
      -0.5649333000183105
    ],
    [
      -0.08293558657169342,
      -0.9781962037086487,
      0.1904044896364212
    ],
    [
      0.5602484345436096,
      -0.2037772685289383,
      -0.8028677105903625
    ]
  ],
  "position": [
    -4.514609336853027,
    2.089160919189453,
    7.3244709968566895
  ],
  "focal_length": 2160.0,
  "principal_point": [
    960.0,
    540.0
  ],
  "skew": 0.0,
  "pixel_aspect_ratio": 1.0,
  "radial_distortion": [
    0.0,
    0.0,
    0.0
  ],
  "tangential_distortion": [
    0.0,
    0.0
  ],
  "image_size": [
    1920,
    1080
  ],
  "t": 5217285,
  "img_id": "0133"
}