{
  "orientation": [
    [
      -0.8238131403923035,
      -0.04485446959733963,
      -0.5650840401649475
    ],
    [
      -0.08156982809305191,
      -0.9771096110343933,
      0.1964770257472992
    ],
    [
      0.560961902141571,
      -0.20795416831970215,
      -0.8012969493865967
    ]
  ],
  "position": [
    -4.522313594818115,
    2.119968891143799,
    7.30487585067749
  ],
  "focal_length": 2160.0,
  "principal_point": [
    960.0,
    540.0
  ],
  "skew": 0.0,
  "pixel_aspect_ratio": 1.0,
  "radial_distortion": [
    0.0,
    0.0,
    0.0
  ],
  "tangential_distortion": [
    0.0,
    0.0
  ],
  "image_size": [
    1920,
    1080
  ],
  "t": 5256348,
  "img_id": "0134"
}