{
  "orientation": [
    [
      -0.8235887885093689,
      -0.04134427383542061,
      -0.5656785368919373
    ],
    [
      -0.08568909019231796,
      -0.9768224358558655,
      0.19615131616592407
    ],
    [
      0.5606772303581238,
      -0.2100204974412918,
      -0.800957202911377
    ]
  ],
  "position": [
    -4.500950336456299,
    2.1308796405792236,
    7.306424140930176
  ],
  "focal_length": 2160.0,
  "principal_point": [
    960.0,
    540.0
  ],
  "skew": 0.0,
  "pixel_aspect_ratio": 1.0,
  "radial_distortion": [
    0.0,
    0.0,
    0.0
  ],
  "tangential_distortion": [
    0.0,
    0.0
  ],
  "image_size": [
    1920,
    1080
  ],
  "t": 5295410,
  "img_id": "0135"
}