{
  "orientation": [
    [
      -0.8268318176269531,
      -0.04402143508195877,
      -0.5607239007949829
    ],
    [
      -0.08075905591249466,
      -0.977310299873352,
      0.19581252336502075
    ],
    [
      0.5566211938858032,
      -0.20718754827976227,
      -0.8045161366462708
    ]
  ],
  "position": [
    -4.425052642822266,
    2.1030099391937256,
    7.333057880401611
  ],
  "focal_length": 2160.0,
  "principal_point": [
    960.0,
    540.0
  ],
  "skew": 0.0,
  "pixel_aspect_ratio": 1.0,
  "radial_distortion": [
    0.0,
    0.0,
    0.0
  ],
  "tangential_distortion": [
    0.0,
    0.0
  ],
  "image_size": [
    1920,
    1080
  ],
  "t": 5334473,
  "img_id": "0136"
}