{
  "orientation": [
    [
      -0.833897054195404,
      -0.03834438696503639,
      -0.550586462020874
    ],
    [
      -0.07784377783536911,
      -0.9794403314590454,
      0.18611015379428864
    ],
    [
      0.5464028716087341,
      -0.1980564296245575,
      -0.8137674927711487
    ]
  ],
  "position": [
    -4.278550148010254,
    2.028510093688965,
    7.386773109436035
  ],
  "focal_length": 2160.0,
  "principal_point": [
    960.0,
    540.0
  ],
  "skew": 0.0,
  "pixel_aspect_ratio": 1.0,
  "radial_distortion": [
    0.0,
    0.0,
    0.0
  ],
  "tangential_distortion": [
    0.0,
    0.0
  ],
  "image_size": [
    1920,
    1080
  ],
  "t": 5373535,
  "img_id": "0137"
}