{
  "orientation": [
    [
      -0.8446477055549622,
      -0.02992413006722927,
      -0.5344855189323425
    ],
    [
      -0.07448337972164154,
      -0.9821553230285645,
      0.17269383370876312
    ],
    [
      0.5301154851913452,
      -0.1856757402420044,
      -0.8273463845252991
    ]
  ],
  "position": [
    -4.0734639167785645,
    1.932541012763977,
    7.46375036239624
  ],
  "focal_length": 2160.0,
  "principal_point": [
    960.0,
    540.0
  ],
  "skew": 0.0,
  "pixel_aspect_ratio": 1.0,
  "radial_distortion": [
    0.0,
    0.0,
    0.0
  ],
  "tangential_distortion": [
    0.0,
    0.0
  ],
  "image_size": [
    1920,
    1080
  ],
  "t": 5412598,
  "img_id": "0138"
}