{
  "orientation": [
    [
      -0.8586301803588867,
      -0.02896345965564251,
      -0.5117766261100769
    ],
    [
      -0.06470109522342682,
      -0.9842933416366577,
      0.16425693035125732
    ],
    [
      0.5084957480430603,
      -0.17414847016334534,
      -0.8432700634002686
    ]
  ],
  "position": [
    -3.8270673751831055,
    1.8464210033416748,
    7.559080123901367
  ],
  "focal_length": 2160.0,
  "principal_point": [
    960.0,
    540.0
  ],
  "skew": 0.0,
  "pixel_aspect_ratio": 1.0,
  "radial_distortion": [
    0.0,
    0.0,
    0.0
  ],
  "tangential_distortion": [
    0.0,
    0.0
  ],
  "image_size": [
    1920,
    1080
  ],
  "t": 5451660,
  "img_id": "0139"
}