{
  "orientation": [
    [
      -0.8744488954544067,
      -0.03776806592941284,
      -0.48364517092704773
    ],
    [
      -0.04872974380850792,
      -0.9850838780403137,
      0.16503086686134338
    ],
    [
      0.48266395926475525,
      -0.16787897050380707,
      -0.8595650792121887
    ]
  ],
  "position": [
    -3.5566117763519287,
    1.8014599084854126,
    7.667860984802246
  ],
  "focal_length": 2160.0,
  "principal_point": [
    960.0,
    540.0
  ],
  "skew": 0.0,
  "pixel_aspect_ratio": 1.0,
  "radial_distortion": [
    0.0,
    0.0,
    0.0
  ],
  "tangential_distortion": [
    0.0,
    0.0
  ],
  "image_size": [
    1920,
    1080
  ],
  "t": 5490723,
  "img_id": "0140"
}