{
  "orientation": [
    [
      -0.8898952603340149,
      -0.038270484656095505,
      -0.45455673336982727
    ],
    [
      -0.04381188005208969,
      -0.9846973419189453,
      0.16867603361606598
    ],
    [
      0.45405614376068115,
      -0.1700189858675003,
      -0.8746008276939392
    ]
  ],
  "position": [
    -3.27876353263855,
    1.8192172050476074,
    7.784379482269287
  ],
  "focal_length": 2160.0,
  "principal_point": [
    960.0,
    540.0
  ],
  "skew": 0.0,
  "pixel_aspect_ratio": 1.0,
  "radial_distortion": [
    0.0,
    0.0,
    0.0
  ],
  "tangential_distortion": [
    0.0,
    0.0
  ],
  "image_size": [
    1920,
    1080
  ],
  "t": 5529785,
  "img_id": "0141"
}