{
  "orientation": [
    [
      -0.9045343995094299,
      -0.03115340881049633,
      -0.42526108026504517
    ],
    [
      -0.04799606651067734,
      -0.983550488948822,
      0.17414018511772156
    ],
    [
      0.4236907958984375,
      -0.17792664468288422,
      -0.888159990310669
    ]
  ],
  "position": [
    -3.007673501968384,
    1.8814420700073242,
    7.899661064147949
  ],
  "focal_length": 2160.0,
  "principal_point": [
    960.0,
    540.0
  ],
  "skew": 0.0,
  "pixel_aspect_ratio": 1.0,
  "radial_distortion": [
    0.0,
    0.0,
    0.0
  ],
  "tangential_distortion": [
    0.0,
    0.0
  ],
  "image_size": [
    1920,
    1080
  ],
  "t": 5568848,
  "img_id": "0142"
}