{
  "orientation": [
    [
      -0.9181225299835205,
      -0.023370634764432907,
      -0.39560696482658386
    ],
    [
      -0.05332985892891884,
      -0.9818932414054871,
      0.1817733645439148
    ],
    [
      0.392691969871521,
      -0.18798789381980896,
      -0.9002519249916077
    ]
  ],
  "position": [
    -2.756885528564453,
    1.9597277641296387,
    8.003885269165039
  ],
  "focal_length": 2160.0,
  "principal_point": [
    960.0,
    540.0
  ],
  "skew": 0.0,
  "pixel_aspect_ratio": 1.0,
  "radial_distortion": [
    0.0,
    0.0,
    0.0
  ],
  "tangential_distortion": [
    0.0,
    0.0
  ],
  "image_size": [
    1920,
    1080
  ],
  "t": 5607910,
  "img_id": "0143"
}