{
  "orientation": [
    [
      -0.9293806552886963,
      -0.01805100403726101,
      -0.3686811625957489
    ],
    [
      -0.05696001276373863,
      -0.9798267483711243,
      0.19155952334403992
    ],
    [
      0.364701509475708,
      -0.199031800031662,
      -0.9096038341522217
    ]
  ],
  "position": [
    -2.539916515350342,
    2.0256736278533936,
    8.08724308013916
  ],
  "focal_length": 2160.0,
  "principal_point": [
    960.0,
    540.0
  ],
  "skew": 0.0,
  "pixel_aspect_ratio": 1.0,
  "radial_distortion": [
    0.0,
    0.0,
    0.0
  ],
  "tangential_distortion": [
    0.0,
    0.0
  ],
  "image_size": [
    1920,
    1080
  ],
  "t": 5646973,
  "img_id": "0144"
}