{
  "orientation": [
    [
      -0.9372010827064514,
      -0.015217187814414501,
      -0.348457396030426
    ],
    [
      -0.05926622450351715,
      -0.9775717854499817,
      0.20209145545959473
    ],
    [
      0.34371739625930786,
      -0.21005208790302277,
      -0.9152794480323792
    ]
  ],
  "position": [
    -2.369401216506958,
    2.0546984672546387,
    8.142516136169434
  ],
  "focal_length": 2160.0,
  "principal_point": [
    960.0,
    540.0
  ],
  "skew": 0.0,
  "pixel_aspect_ratio": 1.0,
  "radial_distortion": [
    0.0,
    0.0,
    0.0
  ],
  "tangential_distortion": [
    0.0,
    0.0
  ],
  "image_size": [
    1920,
    1080
  ],
  "t": 5686035,
  "img_id": "0145"
}