{
  "orientation": [
    [
      -0.9415039420127869,
      -0.005202110856771469,
      -0.3369618058204651
    ],
    [
      -0.06820977479219437,
      -0.9762442708015442,
      0.2056562453508377
    ],
    [
      0.33002689480781555,
      -0.21661025285720825,
      -0.9187830090522766
    ]
  ],
  "position": [
    -2.252887010574341,
    2.0436148643493652,
    8.17702865600586
  ],
  "focal_length": 2160.0,
  "principal_point": [
    960.0,
    540.0
  ],
  "skew": 0.0,
  "pixel_aspect_ratio": 1.0,
  "radial_distortion": [
    0.0,
    0.0,
    0.0
  ],
  "tangential_distortion": [
    0.0,
    0.0
  ],
  "image_size": [
    1920,
    1080
  ],
  "t": 5725098,
  "img_id": "0146"
}