{
  "orientation": [
    [
      -0.9440591335296631,
      -0.003169685136526823,
      -0.32976093888282776
    ],
    [
      -0.06756559014320374,
      -0.9768821001052856,
      0.20282062888145447
    ],
    [
      0.32278043031692505,
      -0.21375516057014465,
      -0.9220203161239624
    ]
  ],
  "position": [
    -2.1961755752563477,
    1.9966647624969482,
    8.203154563903809
  ],
  "focal_length": 2160.0,
  "principal_point": [
    960.0,
    540.0
  ],
  "skew": 0.0,
  "pixel_aspect_ratio": 1.0,
  "radial_distortion": [
    0.0,
    0.0,
    0.0
  ],
  "tangential_distortion": [
    0.0,
    0.0
  ],
  "image_size": [
    1920,
    1080
  ],
  "t": 5764160,
  "img_id": "0147"
}