{
  "orientation": [
    [
      -0.9452212452888489,
      -0.016602439805865288,
      -0.3260078728199005
    ],
    [
      -0.05040987208485603,
      -0.9793013334274292,
      0.19602984189987183
    ],
    [
      0.32251453399658203,
      -0.20172558724880219,
      -0.9248195290565491
    ]
  ],
  "position": [
    -2.2050580978393555,
    1.9180949926376343,
    8.233271598815918
  ],
  "focal_length": 2160.0,
  "principal_point": [
    960.0,
    540.0
  ],
  "skew": 0.0,
  "pixel_aspect_ratio": 1.0,
  "radial_distortion": [
    0.0,
    0.0,
    0.0
  ],
  "tangential_distortion": [
    0.0,
    0.0
  ],
  "image_size": [
    1920,
    1080
  ],
  "t": 5803223,
  "img_id": "0148"
}