{
  "orientation": [
    [
      -0.9427987933158875,
      -0.021427538245916367,
      -0.332673043012619
    ],
    [
      -0.041524410247802734,
      -0.9826114773750305,
      0.18097080290317535
    ],
    [
      0.33076611161231995,
      -0.18443310260772705,
      -0.9255151152610779
    ]
  ],
  "position": [
    -2.290323495864868,
    1.8215538263320923,
    8.269338607788086
  ],
  "focal_length": 2160.0,
  "principal_point": [
    960.0,
    540.0
  ],
  "skew": 0.0,
  "pixel_aspect_ratio": 1.0,
  "radial_distortion": [
    0.0,
    0.0,
    0.0
  ],
  "tangential_distortion": [
    0.0,
    0.0
  ],
  "image_size": [
    1920,
    1080
  ],
  "t": 5842285,
  "img_id": "0149"
}