{
  "orientation": [
    [
      -0.9343286752700806,
      -0.01946473866701126,
      -0.35588061809539795
    ],
    [
      -0.04433600232005119,
      -0.9844045042991638,
      0.17024129629135132
    ],
    [
      0.35364416241645813,
      -0.17483966052532196,
      -0.9188944101333618
    ]
  ],
  "position": [
    -2.5015242099761963,
    1.7935789823532104,
    8.232489585876465
  ],
  "focal_length": 2160.0,
  "principal_point": [
    960.0,
    540.0
  ],
  "skew": 0.0,
  "pixel_aspect_ratio": 1.0,
  "radial_distortion": [
    0.0,
    0.0,
    0.0
  ],
  "tangential_distortion": [
    0.0,
    0.0
  ],
  "image_size": [
    1920,
    1080
  ],
  "t": 5881348,
  "img_id": "0150"
}