{
  "orientation": [
    [
      -0.9164440035820007,
      -0.02901979722082615,
      -0.3991093039512634
    ],
    [
      -0.04848421365022659,
      -0.9819667935371399,
      0.1827307641506195
    ],
    [
      0.3972148895263672,
      -0.18681301176548004,
      -0.8985105752944946
    ]
  ],
  "position": [
    -2.886127233505249,
    1.938246488571167,
    8.025788307189941
  ],
  "focal_length": 2160.0,
  "principal_point": [
    960.0,
    540.0
  ],
  "skew": 0.0,
  "pixel_aspect_ratio": 1.0,
  "radial_distortion": [
    0.0,
    0.0,
    0.0
  ],
  "tangential_distortion": [
    0.0,
    0.0
  ],
  "image_size": [
    1920,
    1080
  ],
  "t": 5920410,
  "img_id": "0151"
}