{
  "orientation": [
    [
      -0.8938974142074585,
      -0.049086153507232666,
      -0.445576012134552
    ],
    [
      -0.05316673964262009,
      -0.9753615260124207,
      0.21411016583442688
    ],
    [
      0.4451075494289398,
      -0.2150823473930359,
      -0.8692634105682373
    ]
  ],
  "position": [
    -3.3055996894836426,
    2.2073137760162354,
    7.733860015869141
  ],
  "focal_length": 2160.0,
  "principal_point": [
    960.0,
    540.0
  ],
  "skew": 0.0,
  "pixel_aspect_ratio": 1.0,
  "radial_distortion": [
    0.0,
    0.0,
    0.0
  ],
  "tangential_distortion": [
    0.0,
    0.0
  ],
  "image_size": [
    1920,
    1080
  ],
  "t": 5959473,
  "img_id": "0152"
}