{
  "orientation": [
    [
      -0.8799725770950317,
      -0.06629537791013718,
      -0.47037553787231445
    ],
    [
      -0.059201717376708984,
      -0.9671873450279236,
      0.2470705360174179
    ],
    [
      0.47132089734077454,
      -0.24526233971118927,
      -0.8471735119819641
    ]
  ],
  "position": [
    -3.537790298461914,
    2.476865768432617,
    7.527842044830322
  ],
  "focal_length": 2160.0,
  "principal_point": [
    960.0,
    540.0
  ],
  "skew": 0.0,
  "pixel_aspect_ratio": 1.0,
  "radial_distortion": [
    0.0,
    0.0,
    0.0
  ],
  "tangential_distortion": [
    0.0,
    0.0
  ],
  "image_size": [
    1920,
    1080
  ],
  "t": 5998535,
  "img_id": "0153"
}