{
  "orientation": [
    [
      -0.877593994140625,
      -0.06681153923273087,
      -0.47472628951072693
    ],
    [
      -0.07257626205682755,
      -0.9603126645088196,
      0.26931825280189514
    ],
    [
      0.47387921810150146,
      -0.2708059251308441,
      -0.8379156589508057
    ]
  ],
  "position": [
    -3.545958995819092,
    2.695730209350586,
    7.451552867889404
  ],
  "focal_length": 2160.0,
  "principal_point": [
    960.0,
    540.0
  ],
  "skew": 0.0,
  "pixel_aspect_ratio": 1.0,
  "radial_distortion": [
    0.0,
    0.0,
    0.0
  ],
  "tangential_distortion": [
    0.0,
    0.0
  ],
  "image_size": [
    1920,
    1080
  ],
  "t": 6037598,
  "img_id": "0154"
}