{
  "orientation": [
    [
      -0.8817075490951538,
      -0.059165142476558685,
      -0.46807190775871277
    ],
    [
      -0.08628904819488525,
      -0.9551488161087036,
      0.2832753360271454
    ],
    [
      0.4638383388519287,
      -0.29015547037124634,
      -0.8370566368103027
    ]
  ],
  "position": [
    -3.4091403484344482,
    2.8583896160125732,
    7.4691386222839355
  ],
  "focal_length": 2160.0,
  "principal_point": [
    960.0,
    540.0
  ],
  "skew": 0.0,
  "pixel_aspect_ratio": 1.0,
  "radial_distortion": [
    0.0,
    0.0,
    0.0
  ],
  "tangential_distortion": [
    0.0,
    0.0
  ],
  "image_size": [
    1920,
    1080
  ],
  "t": 6076660,
  "img_id": "0155"
}