{
  "orientation": [
    [
      -0.8913477659225464,
      -0.05211975425481796,
      -0.4503139555454254
    ],
    [
      -0.09081113338470459,
      -0.952703058719635,
      0.2900175452232361
    ],
    [
      0.44413113594055176,
      -0.2994000315666199,
      -0.8444567322731018
    ]
  ],
  "position": [
    -3.2081050872802734,
    2.9600324630737305,
    7.543543815612793
  ],
  "focal_length": 2160.0,
  "principal_point": [
    960.0,
    540.0
  ],
  "skew": 0.0,
  "pixel_aspect_ratio": 1.0,
  "radial_distortion": [
    0.0,
    0.0,
    0.0
  ],
  "tangential_distortion": [
    0.0,
    0.0
  ],
  "image_size": [
    1920,
    1080
  ],
  "t": 6115723,
  "img_id": "0156"
}