{
  "orientation": [
    [
      -0.902234673500061,
      -0.0464036650955677,
      -0.42874154448509216
    ],
    [
      -0.09023954719305038,
      -0.9518687129020691,
      0.2929210960865021
    ],
    [
      0.42169827222824097,
      -0.3029730021953583,
      -0.8546215295791626
    ]
  ],
  "position": [
    -3.0199642181396484,
    2.9969067573547363,
    7.6388349533081055
  ],
  "focal_length": 2160.0,
  "principal_point": [
    960.0,
    540.0
  ],
  "skew": 0.0,
  "pixel_aspect_ratio": 1.0,
  "radial_distortion": [
    0.0,
    0.0,
    0.0
  ],
  "tangential_distortion": [
    0.0,
    0.0
  ],
  "image_size": [
    1920,
    1080
  ],
  "t": 6154785,
  "img_id": "0157"
}