{
  "orientation": [
    [
      -0.91143399477005,
      -0.042948734015226364,
      -0.4091985821723938
    ],
    [
      -0.08790092170238495,
      -0.9512502551078796,
      0.2956288158893585
    ],
    [
      0.40194714069366455,
      -0.3054150640964508,
      -0.863226592540741
    ]
  ],
  "position": [
    -2.86138653755188,
    2.982916831970215,
    7.737580299377441
  ],
  "focal_length": 2160.0,
  "principal_point": [
    960.0,
    540.0
  ],
  "skew": 0.0,
  "pixel_aspect_ratio": 1.0,
  "radial_distortion": [
    0.0,
    0.0,
    0.0
  ],
  "tangential_distortion": [
    0.0,
    0.0
  ],
  "image_size": [
    1920,
    1080
  ],
  "t": 6193848,
  "img_id": "0158"
}