{
  "orientation": [
    [
      -0.9200859665870667,
      -0.04005201905965805,
      -0.3896635174751282
    ],
    [
      -0.08362790942192078,
      -0.9517403841018677,
      0.29529061913490295
    ],
    [
      0.38268551230430603,
      -0.30427950620651245,
      -0.8723335266113281
    ]
  ],
  "position": [
    -2.6995861530303955,
    2.9464151859283447,
    7.837482929229736
  ],
  "focal_length": 2160.0,
  "principal_point": [
    960.0,
    540.0
  ],
  "skew": 0.0,
  "pixel_aspect_ratio": 1.0,
  "radial_distortion": [
    0.0,
    0.0,
    0.0
  ],
  "tangential_distortion": [
    0.0,
    0.0
  ],
  "image_size": [
    1920,
    1080
  ],
  "t": 6232910,
  "img_id": "0159"
}