{
  "orientation": [
    [
      -0.9298141598701477,
      -0.03435228019952774,
      -0.3664226531982422
    ],
    [
      -0.07970478385686874,
      -0.9532082676887512,
      0.2916181981563568
    ],
    [
      0.3592948317527771,
      -0.30035635828971863,
      -0.8835684657096863
    ]
  ],
  "position": [
    -2.5003037452697754,
    2.916177988052368,
    7.936699867248535
  ],
  "focal_length": 2160.0,
  "principal_point": [
    960.0,
    540.0
  ],
  "skew": 0.0,
  "pixel_aspect_ratio": 1.0,
  "radial_distortion": [
    0.0,
    0.0,
    0.0
  ],
  "tangential_distortion": [
    0.0,
    0.0
  ],
  "image_size": [
    1920,
    1080
  ],
  "t": 6271973,
  "img_id": "0160"
}