{
  "orientation": [
    [
      -0.9414252042770386,
      -0.023398783057928085,
      -0.3364090323448181
    ],
    [
      -0.07905944436788559,
      -0.9544723033905029,
      0.28763213753700256
    ],
    [
      0.32782334089279175,
      -0.2973804473876953,
      -0.8967143893241882
    ]
  ],
  "position": [
    -2.2457313537597656,
    2.9151840209960938,
    8.030728340148926
  ],
  "focal_length": 2160.0,
  "principal_point": [
    960.0,
    540.0
  ],
  "skew": 0.0,
  "pixel_aspect_ratio": 1.0,
  "radial_distortion": [
    0.0,
    0.0,
    0.0
  ],
  "tangential_distortion": [
    0.0,
    0.0
  ],
  "image_size": [
    1920,
    1080
  ],
  "t": 6311035,
  "img_id": "0161"
}