{
  "orientation": [
    [
      -0.9515153169631958,
      -0.009280671365559101,
      -0.30746138095855713
    ],
    [
      -0.0832558423280716,
      -0.9544661045074463,
      0.28646618127822876
    ],
    [
      0.2961200773715973,
      -0.2981749176979065,
      -0.9074164628982544
    ]
  ],
  "position": [
    -1.986721396446228,
    2.942169427871704,
    8.103984832763672
  ],
  "focal_length": 2160.0,
  "principal_point": [
    960.0,
    540.0
  ],
  "skew": 0.0,
  "pixel_aspect_ratio": 1.0,
  "radial_distortion": [
    0.0,
    0.0,
    0.0
  ],
  "tangential_distortion": [
    0.0,
    0.0
  ],
  "image_size": [
    1920,
    1080
  ],
  "t": 6350098,
  "img_id": "0162"
}