{
  "orientation": [
    [
      -0.9581239223480225,
      -0.0061454917304217815,
      -0.28628799319267273
    ],
    [
      -0.0816187709569931,
      -0.952437698841095,
      0.29359978437423706
    ],
    [
      0.2744757831096649,
      -0.3046714663505554,
      -0.9120517373085022
    ]
  ],
  "position": [
    -1.7920916080474854,
    2.9895365238189697,
    8.137984275817871
  ],
  "focal_length": 2160.0,
  "principal_point": [
    960.0,
    540.0
  ],
  "skew": 0.0,
  "pixel_aspect_ratio": 1.0,
  "radial_distortion": [
    0.0,
    0.0,
    0.0
  ],
  "tangential_distortion": [
    0.0,
    0.0
  ],
  "image_size": [
    1920,
    1080
  ],
  "t": 6389160,
  "img_id": "0163"
}