{
  "orientation": [
    [
      -0.9601813554763794,
      -0.015943827107548714,
      -0.2789221405982971
    ],
    [
      -0.0731479674577713,
      -0.9491953253746033,
      0.30606791377067566
    ],
    [
      0.2696314752101898,
      -0.3142833113670349,
      -0.9102334380149841
    ]
  ],
  "position": [
    -1.7306392192840576,
    3.0496912002563477,
    8.114246368408203
  ],
  "focal_length": 2160.0,
  "principal_point": [
    960.0,
    540.0
  ],
  "skew": 0.0,
  "pixel_aspect_ratio": 1.0,
  "radial_distortion": [
    0.0,
    0.0,
    0.0
  ],
  "tangential_distortion": [
    0.0,
    0.0
  ],
  "image_size": [
    1920,
    1080
  ],
  "t": 6428223,
  "img_id": "0164"
}