{
  "orientation": [
    [
      -0.9565444588661194,
      -0.03090508095920086,
      -0.2899440824985504
    ],
    [
      -0.06586125493049622,
      -0.9457700848579407,
      0.3180899918079376
    ],
    [
      0.2840510606765747,
      -0.3233633041381836,
      -0.9026356935501099
    ]
  ],
  "position": [
    -1.8404124975204468,
    3.114489793777466,
    8.024491310119629
  ],
  "focal_length": 2160.0,
  "principal_point": [
    960.0,
    540.0
  ],
  "skew": 0.0,
  "pixel_aspect_ratio": 1.0,
  "radial_distortion": [
    0.0,
    0.0,
    0.0
  ],
  "tangential_distortion": [
    0.0,
    0.0
  ],
  "image_size": [
    1920,
    1080
  ],
  "t": 6467285,
  "img_id": "0165"
}