{
  "orientation": [
    [
      -0.9505850672721863,
      -0.030632151290774345,
      -0.30894941091537476
    ],
    [
      -0.07490436732769012,
      -0.9430955648422241,
      0.32397544384002686
    ],
    [
      0.30129286646842957,
      -0.33110785484313965,
      -0.8941980600357056
    ]
  ],
  "position": [
    -1.983190894126892,
    3.1726787090301514,
    7.918894290924072
  ],
  "focal_length": 2160.0,
  "principal_point": [
    960.0,
    540.0
  ],
  "skew": 0.0,
  "pixel_aspect_ratio": 1.0,
  "radial_distortion": [
    0.0,
    0.0,
    0.0
  ],
  "tangential_distortion": [
    0.0,
    0.0
  ],
  "image_size": [
    1920,
    1080
  ],
  "t": 6506348,
  "img_id": "0166"
}