{
  "orientation": [
    [
      -0.9491581916809082,
      -0.019177213311195374,
      -0.3142147958278656
    ],
    [
      -0.08903439342975616,
      -0.9410353302955627,
      0.3263823390007019
    ],
    [
      0.3019463121891022,
      -0.3377643823623657,
      -0.8914839625358582
    ]
  ],
  "position": [
    -1.9890025854110718,
    3.212991714477539,
    7.861145973205566
  ],
  "focal_length": 2160.0,
  "principal_point": [
    960.0,
    540.0
  ],
  "skew": 0.0,
  "pixel_aspect_ratio": 1.0,
  "radial_distortion": [
    0.0,
    0.0,
    0.0
  ],
  "tangential_distortion": [
    0.0,
    0.0
  ],
  "image_size": [
    1920,
    1080
  ],
  "t": 6545410,
  "img_id": "0167"
}