{
  "orientation": [
    [
      -0.9528027176856995,
      -0.02316104620695114,
      -0.3027053475379944
    ],
    [
      -0.08258135616779327,
      -0.9397155046463013,
      0.3318360149860382
    ],
    [
      0.2921425700187683,
      -0.34117206931114197,
      -0.8934507966041565
    ]
  ],
  "position": [
    -1.896247148513794,
    3.2315874099731445,
    7.865905284881592
  ],
  "focal_length": 2160.0,
  "principal_point": [
    960.0,
    540.0
  ],
  "skew": 0.0,
  "pixel_aspect_ratio": 1.0,
  "radial_distortion": [
    0.0,
    0.0,
    0.0
  ],
  "tangential_distortion": [
    0.0,
    0.0
  ],
  "image_size": [
    1920,
    1080
  ],
  "t": 6584473,
  "img_id": "0168"
}