{
  "orientation": [
    [
      -0.9550183415412903,
      -0.027616780251264572,
      -0.2952580153942108
    ],
    [
      -0.07527380436658859,
      -0.940468430519104,
      0.33144086599349976
    ],
    [
      0.28683415055274963,
      -0.3387572765350342,
      -0.8960857391357422
    ]
  ],
  "position": [
    -1.8176958560943604,
    3.229480504989624,
    7.925742149353027
  ],
  "focal_length": 2160.0,
  "principal_point": [
    960.0,
    540.0
  ],
  "skew": 0.0,
  "pixel_aspect_ratio": 1.0,
  "radial_distortion": [
    0.0,
    0.0,
    0.0
  ],
  "tangential_distortion": [
    0.0,
    0.0
  ],
  "image_size": [
    1920,
    1080
  ],
  "t": 6623535,
  "img_id": "0169"
}