{
  "orientation": [
    [
      -0.9561732411384583,
      -0.029122255742549896,
      -0.29134970903396606
    ],
    [
      -0.07097131013870239,
      -0.942317545413971,
      0.32710957527160645
    ],
    [
      0.28407013416290283,
      -0.33345088362693787,
      -0.8989520072937012
    ]
  ],
  "position": [
    -1.773151159286499,
    3.221978187561035,
    8.018519401550293
  ],
  "focal_length": 2160.0,
  "principal_point": [
    960.0,
    540.0
  ],
  "skew": 0.0,
  "pixel_aspect_ratio": 1.0,
  "radial_distortion": [
    0.0,
    0.0,
    0.0
  ],
  "tangential_distortion": [
    0.0,
    0.0
  ],
  "image_size": [
    1920,
    1080
  ],
  "t": 6662598,
  "img_id": "0170"
}