{
  "orientation": [
    [
      -0.9601661562919617,
      -0.044584788382053375,
      -0.2758498787879944
    ],
    [
      -0.05087418109178543,
      -0.9427971839904785,
      0.32946211099624634
    ],
    [
      0.2747594714164734,
      -0.33037200570106506,
      -0.9029737114906311
    ]
  ],
  "position": [
    -1.737856388092041,
    3.2312135696411133,
    8.115094184875488
  ],
  "focal_length": 2160.0,
  "principal_point": [
    960.0,
    540.0
  ],
  "skew": 0.0,
  "pixel_aspect_ratio": 1.0,
  "radial_distortion": [
    0.0,
    0.0,
    0.0
  ],
  "tangential_distortion": [
    0.0,
    0.0
  ],
  "image_size": [
    1920,
    1080
  ],
  "t": 6701660,
  "img_id": "0171"
}