{
  "orientation": [
    [
      -0.9646874070167542,
      -0.0445580892264843,
      -0.2596011757850647
    ],
    [
      -0.0456952303647995,
      -0.9423313140869141,
      0.33154740929603577
    ],
    [
      0.25940343737602234,
      -0.3317021429538727,
      -0.9070190191268921
    ]
  ],
  "position": [
    -1.6867733001708984,
    3.2793641090393066,
    8.186287879943848
  ],
  "focal_length": 2160.0,
  "principal_point": [
    960.0,
    540.0
  ],
  "skew": 0.0,
  "pixel_aspect_ratio": 1.0,
  "radial_distortion": [
    0.0,
    0.0,
    0.0
  ],
  "tangential_distortion": [
    0.0,
    0.0
  ],
  "image_size": [
    1920,
    1080
  ],
  "t": 6740723,
  "img_id": "0172"
}