{
  "orientation": [
    [
      -0.9685587286949158,
      -0.034262482076883316,
      -0.24641436338424683
    ],
    [
      -0.05214865133166313,
      -0.940507173538208,
      0.3357480466365814
    ],
    [
      0.2432580441236496,
      -0.33804190158843994,
      -0.909149706363678
    ]
  ],
  "position": [
    -1.597508192062378,
    3.3859572410583496,
    8.205524444580078
  ],
  "focal_length": 2160.0,
  "principal_point": [
    960.0,
    540.0
  ],
  "skew": 0.0,
  "pixel_aspect_ratio": 1.0,
  "radial_distortion": [
    0.0,
    0.0,
    0.0
  ],
  "tangential_distortion": [
    0.0,
    0.0
  ],
  "image_size": [
    1920,
    1080
  ],
  "t": 6779785,
  "img_id": "0173"
}