{
  "orientation": [
    [
      -0.9719350337982178,
      -0.027623260393738747,
      -0.23362192511558533
    ],
    [
      -0.05644052475690842,
      -0.9366965889930725,
      0.34556320309638977
    ],
    [
      0.22837844491004944,
      -0.34905073046684265,
      -0.9088491797447205
    ]
  ],
  "position": [
    -1.4776816368103027,
    3.540438175201416,
    8.175880432128906
  ],
  "focal_length": 2160.0,
  "principal_point": [
    960.0,
    540.0
  ],
  "skew": 0.0,
  "pixel_aspect_ratio": 1.0,
  "radial_distortion": [
    0.0,
    0.0,
    0.0
  ],
  "tangential_distortion": [
    0.0,
    0.0
  ],
  "image_size": [
    1920,
    1080
  ],
  "t": 6818848,
  "img_id": "0174"
}