{
  "orientation": [
    [
      -0.9746066331863403,
      -0.02119828574359417,
      -0.22291836142539978
    ],
    [
      -0.06185463070869446,
      -0.9312891960144043,
      0.35899093747138977
    ],
    [
      0.2152114361524582,
      -0.3636634647846222,
      -0.9063293933868408
    ]
  ],
  "position": [
    -1.3539819717407227,
    3.7131383419036865,
    8.119257926940918
  ],
  "focal_length": 2160.0,
  "principal_point": [
    960.0,
    540.0
  ],
  "skew": 0.0,
  "pixel_aspect_ratio": 1.0,
  "radial_distortion": [
    0.0,
    0.0,
    0.0
  ],
  "tangential_distortion": [
    0.0,
    0.0
  ],
  "image_size": [
    1920,
    1080
  ],
  "t": 6857910,
  "img_id": "0175"
}