{
  "orientation": [
    [
      -0.9762255549430847,
      -0.01879594847559929,
      -0.21594072878360748
    ],
    [
      -0.06528327614068985,
      -0.924479067325592,
      0.37560150027275085
    ],
    [
      0.20669247210025787,
      -0.38076910376548767,
      -0.9012730717658997
    ]
  ],
  "position": [
    -1.2533862590789795,
    3.87410306930542,
    8.057854652404785
  ],
  "focal_length": 2160.0,
  "principal_point": [
    960.0,
    540.0
  ],
  "skew": 0.0,
  "pixel_aspect_ratio": 1.0,
  "radial_distortion": [
    0.0,
    0.0,
    0.0
  ],
  "tangential_distortion": [
    0.0,
    0.0
  ],
  "image_size": [
    1920,
    1080
  ],
  "t": 6896973,
  "img_id": "0176"
}