{
  "orientation": [
    [
      -0.97685706615448,
      -0.018284888938069344,
      -0.21311017870903015
    ],
    [
      -0.06817866116762161,
      -0.9177506566047668,
      0.39126133918762207
    ],
    [
      0.20273616909980774,
      -0.3967359662055969,
      -0.8952645659446716
    ]
  ],
  "position": [
    -1.1948981285095215,
    4.0002641677856445,
    8.008269309997559
  ],
  "focal_length": 2160.0,
  "principal_point": [
    960.0,
    540.0
  ],
  "skew": 0.0,
  "pixel_aspect_ratio": 1.0,
  "radial_distortion": [
    0.0,
    0.0,
    0.0
  ],
  "tangential_distortion": [
    0.0,
    0.0
  ],
  "image_size": [
    1920,
    1080
  ],
  "t": 6936035,
  "img_id": "0177"
}