{
  "orientation": [
    [
      -0.9772037863731384,
      -0.0010108754504472017,
      -0.21230117976665497
    ],
    [
      -0.08494609594345093,
      -0.9145923256874084,
      0.395354300737381
    ],
    [
      0.1945686936378479,
      -0.4043758511543274,
      -0.8936572074890137
    ]
  ],
  "position": [
    -1.1724662780761719,
    4.0902204513549805,
    7.969527244567871
  ],
  "focal_length": 2160.0,
  "principal_point": [
    960.0,
    540.0
  ],
  "skew": 0.0,
  "pixel_aspect_ratio": 1.0,
  "radial_distortion": [
    0.0,
    0.0,
    0.0
  ],
  "tangential_distortion": [
    0.0,
    0.0
  ],
  "image_size": [
    1920,
    1080
  ],
  "t": 6975098,
  "img_id": "0178"
}