{
  "orientation": [
    [
      -0.9774293303489685,
      0.009403970092535019,
      -0.21105319261550903
    ],
    [
      -0.09468971192836761,
      -0.9125438332557678,
      0.3978663682937622
    ],
    [
      0.18885377049446106,
      -0.4088708162307739,
      -0.8928375840187073
    ]
  ],
  "position": [
    -1.1751457452774048,
    4.146794319152832,
    7.93721866607666
  ],
  "focal_length": 2160.0,
  "principal_point": [
    960.0,
    540.0
  ],
  "skew": 0.0,
  "pixel_aspect_ratio": 1.0,
  "radial_distortion": [
    0.0,
    0.0,
    0.0
  ],
  "tangential_distortion": [
    0.0,
    0.0
  ],
  "image_size": [
    1920,
    1080
  ],
  "t": 7014160,
  "img_id": "0179"
}