{
  "orientation": [
    [
      -0.9775900840759277,
      0.009889624081552029,
      -0.21028511226177216
    ],
    [
      -0.09608221799135208,
      -0.9097480177879333,
      0.403889536857605
    ],
    [
      0.18731214106082916,
      -0.41504305601119995,
      -0.8903108239173889
    ]
  ],
  "position": [
    -1.1919901371002197,
    4.172816276550293,
    7.906932830810547
  ],
  "focal_length": 2160.0,
  "principal_point": [
    960.0,
    540.0
  ],
  "skew": 0.0,
  "pixel_aspect_ratio": 1.0,
  "radial_distortion": [
    0.0,
    0.0,
    0.0
  ],
  "tangential_distortion": [
    0.0,
    0.0
  ],
  "image_size": [
    1920,
    1080
  ],
  "t": 7053223,
  "img_id": "0180"
}