{
  "orientation": [
    [
      -0.9784004092216492,
      0.006093582138419151,
      -0.20662885904312134
    ],
    [
      -0.09218619018793106,
      -0.9075305461883545,
      0.4097438454627991
    ],
    [
      0.1850251853466034,
      -0.41994187235832214,
      -0.8884900212287903
    ]
  ],
  "position": [
    -1.2160425186157227,
    4.171450614929199,
    7.874911785125732
  ],
  "focal_length": 2160.0,
  "principal_point": [
    960.0,
    540.0
  ],
  "skew": 0.0,
  "pixel_aspect_ratio": 1.0,
  "radial_distortion": [
    0.0,
    0.0,
    0.0
  ],
  "tangential_distortion": [
    0.0,
    0.0
  ],
  "image_size": [
    1920,
    1080
  ],
  "t": 7092285,
  "img_id": "0181"
}