{
  "orientation": [
    [
      -0.9784858226776123,
      0.00432938477024436,
      -0.2062685489654541
    ],
    [
      -0.0907779186964035,
      -0.9068350791931152,
      0.41159388422966003
    ],
    [
      0.18526959419250488,
      -0.42146340012550354,
      -0.8877183198928833
    ]
  ],
  "position": [
    -1.2574325799942017,
    4.14731502532959,
    7.84018611907959
  ],
  "focal_length": 2160.0,
  "principal_point": [
    960.0,
    540.0
  ],
  "skew": 0.0,
  "pixel_aspect_ratio": 1.0,
  "radial_distortion": [
    0.0,
    0.0,
    0.0
  ],
  "tangential_distortion": [
    0.0,
    0.0
  ],
  "image_size": [
    1920,
    1080
  ],
  "t": 7131348,
  "img_id": "0182"
}