{
  "orientation": [
    [
      -0.9766353964805603,
      0.004953084047883749,
      -0.21484598517417908
    ],
    [
      -0.09433667361736298,
      -0.9081425666809082,
      0.40789416432380676
    ],
    [
      0.19309045374393463,
      -0.41863173246383667,
      -0.8873914480209351
    ]
  ],
  "position": [
    -1.330857753753662,
    4.105416774749756,
    7.802534580230713
  ],
  "focal_length": 2160.0,
  "principal_point": [
    960.0,
    540.0
  ],
  "skew": 0.0,
  "pixel_aspect_ratio": 1.0,
  "radial_distortion": [
    0.0,
    0.0,
    0.0
  ],
  "tangential_distortion": [
    0.0,
    0.0
  ],
  "image_size": [
    1920,
    1080
  ],
  "t": 7170410,
  "img_id": "0183"
}