{
  "orientation": [
    [
      -0.9745781421661377,
      -0.011207560077309608,
      -0.22376742959022522
    ],
    [
      -0.08249171078205109,
      -0.9106377959251404,
      0.40488752722740173
    ],
    [
      0.2083088904619217,
      -0.4130534827709198,
      -0.8865631222724915
    ]
  ],
  "position": [
    -1.451021671295166,
    4.050759792327881,
    7.761734485626221
  ],
  "focal_length": 2160.0,
  "principal_point": [
    960.0,
    540.0
  ],
  "skew": 0.0,
  "pixel_aspect_ratio": 1.0,
  "radial_distortion": [
    0.0,
    0.0,
    0.0
  ],
  "tangential_distortion": [
    0.0,
    0.0
  ],
  "image_size": [
    1920,
    1080
  ],
  "t": 7209473,
  "img_id": "0184"
}