{
  "orientation": [
    [
      -0.9702211022377014,
      -0.021343450993299484,
      -0.24127893149852753
    ],
    [
      -0.07931803911924362,
      -0.9131941199302673,
      0.3997313380241394
    ],
    [
      0.22886614501476288,
      -0.4069655239582062,
      -0.8843072652816772
    ]
  ],
  "position": [
    -1.6281226873397827,
    3.9881694316864014,
    7.717807292938232
  ],
  "focal_length": 2160.0,
  "principal_point": [
    960.0,
    540.0
  ],
  "skew": 0.0,
  "pixel_aspect_ratio": 1.0,
  "radial_distortion": [
    0.0,
    0.0,
    0.0
  ],
  "tangential_distortion": [
    0.0,
    0.0
  ],
  "image_size": [
    1920,
    1080
  ],
  "t": 7248535,
  "img_id": "0185"
}