{
  "orientation": [
    [
      -0.9639074802398682,
      -0.023453155532479286,
      -0.26520249247550964
    ],
    [
      -0.08570323139429092,
      -0.9157577753067017,
      0.3924826979637146
    ],
    [
      0.2520661950111389,
      -0.40104570984840393,
      -0.8806957006454468
    ]
  ],
  "position": [
    -1.845970869064331,
    3.9213922023773193,
    7.672195911407471
  ],
  "focal_length": 2160.0,
  "principal_point": [
    960.0,
    540.0
  ],
  "skew": 0.0,
  "pixel_aspect_ratio": 1.0,
  "radial_distortion": [
    0.0,
    0.0,
    0.0
  ],
  "tangential_distortion": [
    0.0,
    0.0
  ],
  "image_size": [
    1920,
    1080
  ],
  "t": 7287598,
  "img_id": "0186"
}