{
  "orientation": [
    [
      -0.9574596881866455,
      -0.029655495658516884,
      -0.28703927993774414
    ],
    [
      -0.08752377331256866,
      -0.9180043339729309,
      0.38679152727127075
    ],
    [
      0.2749737799167633,
      -0.3954600393772125,
      -0.8763565421104431
    ]
  ],
  "position": [
    -2.0787484645843506,
    3.853789806365967,
    7.626864433288574
  ],
  "focal_length": 2160.0,
  "principal_point": [
    960.0,
    540.0
  ],
  "skew": 0.0,
  "pixel_aspect_ratio": 1.0,
  "radial_distortion": [
    0.0,
    0.0,
    0.0
  ],
  "tangential_distortion": [
    0.0,
    0.0
  ],
  "image_size": [
    1920,
    1080
  ],
  "t": 7326660,
  "img_id": "0187"
}