{
  "orientation": [
    [
      -0.9514516592025757,
      -0.03859316185116768,
      -0.305369108915329
    ],
    [
      -0.08550748974084854,
      -0.9199154376983643,
      0.38268014788627625
    ],
    [
      0.2956825792789459,
      -0.3902130126953125,
      -0.8719550371170044
    ]
  ],
  "position": [
    -2.300645351409912,
    3.7887160778045654,
    7.583774566650391
  ],
  "focal_length": 2160.0,
  "principal_point": [
    960.0,
    540.0
  ],
  "skew": 0.0,
  "pixel_aspect_ratio": 1.0,
  "radial_distortion": [
    0.0,
    0.0,
    0.0
  ],
  "tangential_distortion": [
    0.0,
    0.0
  ],
  "image_size": [
    1920,
    1080
  ],
  "t": 7365723,
  "img_id": "0188"
}