{
  "orientation": [
    [
      -0.9458656907081604,
      -0.044216934591531754,
      -0.3215321898460388
    ],
    [
      -0.08548896014690399,
      -0.9217495322227478,
      0.3782452344894409
    ],
    [
      0.3130969703197479,
      -0.3852566182613373,
      -0.8680711984634399
    ]
  ],
  "position": [
    -2.4858298301696777,
    3.729532241821289,
    7.544891357421875
  ],
  "focal_length": 2160.0,
  "principal_point": [
    960.0,
    540.0
  ],
  "skew": 0.0,
  "pixel_aspect_ratio": 1.0,
  "radial_distortion": [
    0.0,
    0.0,
    0.0
  ],
  "tangential_distortion": [
    0.0,
    0.0
  ],
  "image_size": [
    1920,
    1080
  ],
  "t": 7404785,
  "img_id": "0189"
}