{
  "orientation": [
    [
      -0.9421266913414001,
      -0.05384374037384987,
      -0.3309050500392914
    ],
    [
      -0.07963156700134277,
      -0.9228324294090271,
      0.37688082456588745
    ],
    [
      0.3256625831127167,
      -0.38141998648643494,
      -0.8651373982429504
    ]
  ],
  "position": [
    -2.608489751815796,
    3.679593324661255,
    7.512176990509033
  ],
  "focal_length": 2160.0,
  "principal_point": [
    960.0,
    540.0
  ],
  "skew": 0.0,
  "pixel_aspect_ratio": 1.0,
  "radial_distortion": [
    0.0,
    0.0,
    0.0
  ],
  "tangential_distortion": [
    0.0,
    0.0
  ],
  "image_size": [
    1920,
    1080
  ],
  "t": 7443848,
  "img_id": "0190"
}