{
  "orientation": [
    [
      -0.9399886727333069,
      -0.05287187919020653,
      -0.3370843231678009
    ],
    [
      -0.0823320746421814,
      -0.9235827922821045,
      0.3744546175003052
    ],
    [
      0.33112338185310364,
      -0.37973594665527344,
      -0.8638043403625488
    ]
  ],
  "position": [
    -2.6427979469299316,
    3.642258882522583,
    7.487596035003662
  ],
  "focal_length": 2160.0,
  "principal_point": [
    960.0,
    540.0
  ],
  "skew": 0.0,
  "pixel_aspect_ratio": 1.0,
  "radial_distortion": [
    0.0,
    0.0,
    0.0
  ],
  "tangential_distortion": [
    0.0,
    0.0
  ],
  "image_size": [
    1920,
    1080
  ],
  "t": 7482910,
  "img_id": "0191"
}