{
  "orientation": [
    [
      -0.9414324164390564,
      -0.04279721900820732,
      -0.3344748914241791
    ],
    [
      -0.0894186720252037,
      -0.9247170090675354,
      0.37000370025634766
    ],
    [
      0.32512974739074707,
      -0.37824177742004395,
      -0.8667317032814026
    ]
  ],
  "position": [
    -2.5630438327789307,
    3.620861291885376,
    7.473113536834717
  ],
  "focal_length": 2160.0,
  "principal_point": [
    960.0,
    540.0
  ],
  "skew": 0.0,
  "pixel_aspect_ratio": 1.0,
  "radial_distortion": [
    0.0,
    0.0,
    0.0
  ],
  "tangential_distortion": [
    0.0,
    0.0
  ],
  "image_size": [
    1920,
    1080
  ],
  "t": 7521973,
  "img_id": "0192"
}