{
  "orientation": [
    [
      -0.9481261968612671,
      -0.036112695932388306,
      -0.3158363997936249
    ],
    [
      -0.08677108585834503,
      -0.9263997673988342,
      0.366407185792923
    ],
    [
      0.3058227300643921,
      -0.3748057186603546,
      -0.8752103447914124
    ]
  ],
  "position": [
    -2.3749067783355713,
    3.61181378364563,
    7.471508026123047
  ],
  "focal_length": 2160.0,
  "principal_point": [
    960.0,
    540.0
  ],
  "skew": 0.0,
  "pixel_aspect_ratio": 1.0,
  "radial_distortion": [
    0.0,
    0.0,
    0.0
  ],
  "tangential_distortion": [
    0.0,
    0.0
  ],
  "image_size": [
    1920,
    1080
  ],
  "t": 7561035,
  "img_id": "0193"
}