{
  "orientation": [
    [
      -0.9559691548347473,
      -0.027321040630340576,
      -0.29219263792037964
    ],
    [
      -0.08435796201229095,
      -0.9280523061752319,
      0.36277082562446594
    ],
    [
      0.28108131885528564,
      -0.37144649028778076,
      -0.8848845958709717
    ]
  ],
  "position": [
    -2.15861439704895,
    3.595086097717285,
    7.487487316131592
  ],
  "focal_length": 2160.0,
  "principal_point": [
    960.0,
    540.0
  ],
  "skew": 0.0,
  "pixel_aspect_ratio": 1.0,
  "radial_distortion": [
    0.0,
    0.0,
    0.0
  ],
  "tangential_distortion": [
    0.0,
    0.0
  ],
  "image_size": [
    1920,
    1080
  ],
  "t": 7600098,
  "img_id": "0194"
}