{
  "orientation": [
    [
      -0.9612643122673035,
      -0.016488976776599884,
      -0.27513447403907776
    ],
    [
      -0.08672045916318893,
      -0.9294218420982361,
      0.35868459939956665
    ],
    [
      0.2616303265094757,
      -0.36865049600601196,
      -0.8919901251792908
    ]
  ],
  "position": [
    -2.0052430629730225,
    3.548262357711792,
    7.526037216186523
  ],
  "focal_length": 2160.0,
  "principal_point": [
    960.0,
    540.0
  ],
  "skew": 0.0,
  "pixel_aspect_ratio": 1.0,
  "radial_distortion": [
    0.0,
    0.0,
    0.0
  ],
  "tangential_distortion": [
    0.0,
    0.0
  ],
  "image_size": [
    1920,
    1080
  ],
  "t": 7639160,
  "img_id": "0195"
}