{
  "orientation": [
    [
      -0.9624225497245789,
      -0.018425043672323227,
      -0.2709304392337799
    ],
    [
      -0.08097577840089798,
      -0.9328344464302063,
      0.3510880172252655
    ],
    [
      0.2592020630836487,
      -0.35983383655548096,
      -0.8962889313697815
    ]
  ],
  "position": [
    -2.0058298110961914,
    3.4489357471466064,
    7.5921454429626465
  ],
  "focal_length": 2160.0,
  "principal_point": [
    960.0,
    540.0
  ],
  "skew": 0.0,
  "pixel_aspect_ratio": 1.0,
  "radial_distortion": [
    0.0,
    0.0,
    0.0
  ],
  "tangential_distortion": [
    0.0,
    0.0
  ],
  "image_size": [
    1920,
    1080
  ],
  "t": 7678223,
  "img_id": "0196"
}