{
  "orientation": [
    [
      -0.9584562182426453,
      -0.02893558144569397,
      -0.28376826643943787
    ],
    [
      -0.07155351340770721,
      -0.9386410117149353,
      0.33739161491394043
    ],
    [
      0.2761191427707672,
      -0.3436797261238098,
      -0.897575855255127
    ]
  ],
  "position": [
    -2.177785634994507,
    3.317308187484741,
    7.682910442352295
  ],
  "focal_length": 2160.0,
  "principal_point": [
    960.0,
    540.0
  ],
  "skew": 0.0,
  "pixel_aspect_ratio": 1.0,
  "radial_distortion": [
    0.0,
    0.0,
    0.0
  ],
  "tangential_distortion": [
    0.0,
    0.0
  ],
  "image_size": [
    1920,
    1080
  ],
  "t": 7717285,
  "img_id": "0197"
}