{
  "orientation": [
    [
      -0.9535296559333801,
      -0.011350337415933609,
      -0.30108532309532166
    ],
    [
      -0.09203353524208069,
      -0.9405581951141357,
      0.3269251585006714
    ],
    [
      0.28689897060394287,
      -0.33944275975227356,
      -0.8958055377006531
    ]
  ],
  "position": [
    -2.3020222187042236,
    3.3104066848754883,
    7.770121097564697
  ],
  "focal_length": 2160.0,
  "principal_point": [
    960.0,
    540.0
  ],
  "skew": 0.0,
  "pixel_aspect_ratio": 1.0,
  "radial_distortion": [
    0.0,
    0.0,
    0.0
  ],
  "tangential_distortion": [
    0.0,
    0.0
  ],
  "image_size": [
    1920,
    1080
  ],
  "t": 7756348,
  "img_id": "0198"
}