{
  "orientation": [
    [
      -0.957912027835846,
      -0.012323174625635147,
      -0.2867971956729889
    ],
    [
      -0.09202980250120163,
      -0.9331607222557068,
      0.34747883677482605
    ],
    [
      0.2719099223613739,
      -0.3592480719089508,
      -0.8927518129348755
    ]
  ],
  "position": [
    -2.196953773498535,
    3.5250842571258545,
    7.8348259925842285
  ],
  "focal_length": 2160.0,
  "principal_point": [
    960.0,
    540.0
  ],
  "skew": 0.0,
  "pixel_aspect_ratio": 1.0,
  "radial_distortion": [
    0.0,
    0.0,
    0.0
  ],
  "tangential_distortion": [
    0.0,
    0.0
  ],
  "image_size": [
    1920,
    1080
  ],
  "t": 7795410,
  "img_id": "0199"
}