{
  "orientation": [
    [
      -0.9650480151176453,
      -0.010435483418405056,
      -0.26186537742614746
    ],
    [
      -0.0895790085196495,
      -0.9258893132209778,
      0.36702120304107666
    ],
    [
      0.24628838896751404,
      -0.3776507079601288,
      -0.8925928473472595
    ]
  ],
  "position": [
    -1.9994752407073975,
    3.7296130657196045,
    7.911884784698486
  ],
  "focal_length": 2160.0,
  "principal_point": [
    960.0,
    540.0
  ],
  "skew": 0.0,
  "pixel_aspect_ratio": 1.0,
  "radial_distortion": [
    0.0,
    0.0,
    0.0
  ],
  "tangential_distortion": [
    0.0,
    0.0
  ],
  "image_size": [
    1920,
    1080
  ],
  "t": 7834473,
  "img_id": "0200"
}