{
  "orientation": [
    [
      -0.9690538644790649,
      -0.001645259209908545,
      -0.2468438446521759
    ],
    [
      -0.09012177586555481,
      -0.9285942316055298,
      0.3599872291088104
    ],
    [
      0.22981004416942596,
      -0.3710930347442627,
      -0.8997095823287964
    ]
  ],
  "position": [
    -1.8934084177017212,
    3.693420171737671,
    8.032078742980957
  ],
  "focal_length": 2160.0,
  "principal_point": [
    960.0,
    540.0
  ],
  "skew": 0.0,
  "pixel_aspect_ratio": 1.0,
  "radial_distortion": [
    0.0,
    0.0,
    0.0
  ],
  "tangential_distortion": [
    0.0,
    0.0
  ],
  "image_size": [
    1920,
    1080
  ],
  "t": 7873535,
  "img_id": "0201"
}