{
  "orientation": [
    [
      -0.9686682224273682,
      0.006609828677028418,
      -0.24827031791210175
    ],
    [
      -0.09300070255994797,
      -0.9365676045417786,
      0.3379231095314026
    ],
    [
      0.2302883118391037,
      -0.35042470693588257,
      -0.907837986946106
    ]
  ],
  "position": [
    -1.9408676624298096,
    3.5289196968078613,
    8.15302848815918
  ],
  "focal_length": 2160.0,
  "principal_point": [
    960.0,
    540.0
  ],
  "skew": 0.0,
  "pixel_aspect_ratio": 1.0,
  "radial_distortion": [
    0.0,
    0.0,
    0.0
  ],
  "tangential_distortion": [
    0.0,
    0.0
  ],
  "image_size": [
    1920,
    1080
  ],
  "t": 7912598,
  "img_id": "0202"
}