{
  "orientation": [
    [
      -0.9640023708343506,
      0.006858265493065119,
      -0.2658051550388336
    ],
    [
      -0.09451369941234589,
      -0.9432200789451599,
      0.31843841075897217
    ],
    [
      0.2485288381576538,
      -0.3320976197719574,
      -0.9099146127700806
    ]
  ],
  "position": [
    -2.1371912956237793,
    3.4067978858947754,
    8.22499942779541
  ],
  "focal_length": 2160.0,
  "principal_point": [
    960.0,
    540.0
  ],
  "skew": 0.0,
  "pixel_aspect_ratio": 1.0,
  "radial_distortion": [
    0.0,
    0.0,
    0.0
  ],
  "tangential_distortion": [
    0.0,
    0.0
  ],
  "image_size": [
    1920,
    1080
  ],
  "t": 7951660,
  "img_id": "0203"
}