{
  "orientation": [
    [
      -0.9601793885231018,
      -0.0009169917902909219,
      -0.27938276529312134
    ],
    [
      -0.08806544542312622,
      -0.9480226039886475,
      0.30577388405799866
    ],
    [
      0.2651415467262268,
      -0.3182017505168915,
      -0.9101909399032593
    ]
  ],
  "position": [
    -2.306168794631958,
    3.3142971992492676,
    8.263509750366211
  ],
  "focal_length": 2160.0,
  "principal_point": [
    960.0,
    540.0
  ],
  "skew": 0.0,
  "pixel_aspect_ratio": 1.0,
  "radial_distortion": [
    0.0,
    0.0,
    0.0
  ],
  "tangential_distortion": [
    0.0,
    0.0
  ],
  "image_size": [
    1920,
    1080
  ],
  "t": 7990723,
  "img_id": "0204"
}