{
  "orientation": [
    [
      -0.9634400010108948,
      -0.013830535113811493,
      -0.2675669193267822
    ],
    [
      -0.0693850964307785,
      -0.9517170786857605,
      0.2990322411060333
    ],
    [
      0.2587837874889374,
      -0.3066647946834564,
      -0.9159626960754395
    ]
  ],
  "position": [
    -2.2536942958831787,
    3.19223952293396,
    8.3004150390625
  ],
  "focal_length": 2160.0,
  "principal_point": [
    960.0,
    540.0
  ],
  "skew": 0.0,
  "pixel_aspect_ratio": 1.0,
  "radial_distortion": [
    0.0,
    0.0,
    0.0
  ],
  "tangential_distortion": [
    0.0,
    0.0
  ],
  "image_size": [
    1920,
    1080
  ],
  "t": 8029785,
  "img_id": "0205"
}