{
  "orientation": [
    [
      -0.9714511632919312,
      -0.02427252009510994,
      -0.23599466681480408
    ],
    [
      -0.04731117933988571,
      -0.9549501538276672,
      0.29297080636024475
    ],
    [
      0.23247428238391876,
      -0.2957720160484314,
      -0.9265390634536743
    ]
  ],
  "position": [
    -2.0084636211395264,
    3.055215358734131,
    8.34029769897461
  ],
  "focal_length": 2160.0,
  "principal_point": [
    960.0,
    540.0
  ],
  "skew": 0.0,
  "pixel_aspect_ratio": 1.0,
  "radial_distortion": [
    0.0,
    0.0,
    0.0
  ],
  "tangential_distortion": [
    0.0,
    0.0
  ],
  "image_size": [
    1920,
    1080
  ],
  "t": 8068848,
  "img_id": "0206"
}