{
  "orientation": [
    [
      -0.9794832468032837,
      -0.023324107751250267,
      -0.2001713365316391
    ],
    [
      -0.03519479185342789,
      -0.958217203617096,
      0.2838681638240814
    ],
    [
      0.19842858612537384,
      -0.2850891053676605,
      -0.9377368092536926
    ]
  ],
  "position": [
    -1.6821764707565308,
    2.9453160762786865,
    8.377574920654297
  ],
  "focal_length": 2160.0,
  "principal_point": [
    960.0,
    540.0
  ],
  "skew": 0.0,
  "pixel_aspect_ratio": 1.0,
  "radial_distortion": [
    0.0,
    0.0,
    0.0
  ],
  "tangential_distortion": [
    0.0,
    0.0
  ],
  "image_size": [
    1920,
    1080
  ],
  "t": 8107910,
  "img_id": "0207"
}