{
  "orientation": [
    [
      -0.9850278496742249,
      -0.014479784294962883,
      -0.17178618907928467
    ],
    [
      -0.034790948033332825,
      -0.9592674970626831,
      0.2803487181663513
    ],
    [
      0.16884830594062805,
      -0.28212791681289673,
      -0.9444014430046082
    ]
  ],
  "position": [
    -1.3861068487167358,
    2.904360294342041,
    8.406697273254395
  ],
  "focal_length": 2160.0,
  "principal_point": [
    960.0,
    540.0
  ],
  "skew": 0.0,
  "pixel_aspect_ratio": 1.0,
  "radial_distortion": [
    0.0,
    0.0,
    0.0
  ],
  "tangential_distortion": [
    0.0,
    0.0
  ],
  "image_size": [
    1920,
    1080
  ],
  "t": 8146973,
  "img_id": "0208"
}