{
  "orientation": [
    [
      -0.9879398941993713,
      -0.005414876155555248,
      -0.15474334359169006
    ],
    [
      -0.03996342420578003,
      -0.9566105604171753,
      0.288615882396698
    ],
    [
      0.14959193766117096,
      -0.29131922125816345,
      -0.9448572993278503
    ]
  ],
  "position": [
    -1.1793700456619263,
    2.9443445205688477,
    8.426703453063965
  ],
  "focal_length": 2160.0,
  "principal_point": [
    960.0,
    540.0
  ],
  "skew": 0.0,
  "pixel_aspect_ratio": 1.0,
  "radial_distortion": [
    0.0,
    0.0,
    0.0
  ],
  "tangential_distortion": [
    0.0,
    0.0
  ],
  "image_size": [
    1920,
    1080
  ],
  "t": 8186035,
  "img_id": "0209"
}