{
  "orientation": [
    [
      -0.98985755443573,
      0.0015880032442510128,
      -0.14205458760261536
    ],
    [
      -0.04473339021205902,
      -0.952555239200592,
      0.3010604977607727
    ],
    [
      0.13483674824237823,
      -0.30436161160469055,
      -0.942965030670166
    ]
  ],
  "position": [
    -1.0261164903640747,
    3.023003578186035,
    8.44498348236084
  ],
  "focal_length": 2160.0,
  "principal_point": [
    960.0,
    540.0
  ],
  "skew": 0.0,
  "pixel_aspect_ratio": 1.0,
  "radial_distortion": [
    0.0,
    0.0,
    0.0
  ],
  "tangential_distortion": [
    0.0,
    0.0
  ],
  "image_size": [
    1920,
    1080
  ],
  "t": 8225098,
  "img_id": "0210"
}