{
  "orientation": [
    [
      -0.9919030070304871,
      0.00405757874250412,
      -0.1269330382347107
    ],
    [
      -0.04354210942983627,
      -0.9497736096382141,
      0.30989381670951843
    ],
    [
      0.1193002313375473,
      -0.3129115402698517,
      -0.9422599673271179
    ]
  ],
  "position": [
    -0.8804537057876587,
    3.092315912246704,
    8.469815254211426
  ],
  "focal_length": 2160.0,
  "principal_point": [
    960.0,
    540.0
  ],
  "skew": 0.0,
  "pixel_aspect_ratio": 1.0,
  "radial_distortion": [
    0.0,
    0.0,
    0.0
  ],
  "tangential_distortion": [
    0.0,
    0.0
  ],
  "image_size": [
    1920,
    1080
  ],
  "t": 8264160,
  "img_id": "0211"
}