{
  "orientation": [
    [
      -0.9942076206207275,
      0.0034175249747931957,
      -0.10742218047380447
    ],
    [
      -0.03679255396127701,
      -0.9499266147613525,
      0.31029942631721497
    ],
    [
      0.10098273307085037,
      -0.31245437264442444,
      -0.9445500373840332
    ]
  ],
  "position": [
    -0.6965587139129639,
    3.1043481826782227,
    8.509454727172852
  ],
  "focal_length": 2160.0,
  "principal_point": [
    960.0,
    540.0
  ],
  "skew": 0.0,
  "pixel_aspect_ratio": 1.0,
  "radial_distortion": [
    0.0,
    0.0,
    0.0
  ],
  "tangential_distortion": [
    0.0,
    0.0
  ],
  "image_size": [
    1920,
    1080
  ],
  "t": 8303223,
  "img_id": "0212"
}