{
  "orientation": [
    [
      -0.9964001178741455,
      0.007817002013325691,
      -0.08441367000341415
    ],
    [
      -0.03290519863367081,
      -0.9533326029777527,
      0.3001236617565155
    ],
    [
      0.07812824100255966,
      -0.30182090401649475,
      -0.9501579403877258
    ]
  ],
  "position": [
    -0.4564725458621979,
    3.0377769470214844,
    8.565766334533691
  ],
  "focal_length": 2160.0,
  "principal_point": [
    960.0,
    540.0
  ],
  "skew": 0.0,
  "pixel_aspect_ratio": 1.0,
  "radial_distortion": [
    0.0,
    0.0,
    0.0
  ],
  "tangential_distortion": [
    0.0,
    0.0
  ],
  "image_size": [
    1920,
    1080
  ],
  "t": 8342285,
  "img_id": "0213"
}