{
  "orientation": [
    [
      -0.9983770847320557,
      0.011267033405601978,
      -0.055822908878326416
    ],
    [
      -0.02678484283387661,
      -0.9579471349716187,
      0.28569188714027405
    ],
    [
      0.05025649443268776,
      -0.28672343492507935,
      -0.9566943049430847
    ]
  ],
  "position": [
    -0.20988571643829346,
    2.9359495639801025,
    8.625086784362793
  ],
  "focal_length": 2160.0,
  "principal_point": [
    960.0,
    540.0
  ],
  "skew": 0.0,
  "pixel_aspect_ratio": 1.0,
  "radial_distortion": [
    0.0,
    0.0,
    0.0
  ],
  "tangential_distortion": [
    0.0,
    0.0
  ],
  "image_size": [
    1920,
    1080
  ],
  "t": 8381348,
  "img_id": "0214"
}