{
  "orientation": [
    [
      -0.999583899974823,
      0.012342515401542187,
      -0.026071125641465187
    ],
    [
      -0.019021935760974884,
      -0.9615075588226318,
      0.2741192877292633
    ],
    [
      0.02168426290154457,
      -0.27450114488601685,
      -0.9613422751426697
    ]
  ],
  "position": [
    -0.016593744978308678,
    2.8518548011779785,
    8.67143440246582
  ],
  "focal_length": 2160.0,
  "principal_point": [
    960.0,
    540.0
  ],
  "skew": 0.0,
  "pixel_aspect_ratio": 1.0,
  "radial_distortion": [
    0.0,
    0.0,
    0.0
  ],
  "tangential_distortion": [
    0.0,
    0.0
  ],
  "image_size": [
    1920,
    1080
  ],
  "t": 8420410,
  "img_id": "0215"
}