{
  "orientation": [
    [
      -0.9996873140335083,
      0.020979788154363632,
      -0.013605019077658653
    ],
    [
      -0.02389521710574627,
      -0.961830198764801,
      0.2726016044616699
    ],
    [
      0.007366594858467579,
      -0.2728414535522461,
      -0.962030827999115
    ]
  ],
  "position": [
    0.06363368779420853,
    2.838469982147217,
    8.68883228302002
  ],
  "focal_length": 2160.0,
  "principal_point": [
    960.0,
    540.0
  ],
  "skew": 0.0,
  "pixel_aspect_ratio": 1.0,
  "radial_distortion": [
    0.0,
    0.0,
    0.0
  ],
  "tangential_distortion": [
    0.0,
    0.0
  ],
  "image_size": [
    1920,
    1080
  ],
  "t": 8459473,
  "img_id": "0216"
}