{
  "orientation": [
    [
      -0.9993077516555786,
      0.02683495357632637,
      -0.025766020640730858
    ],
    [
      -0.033080197870731354,
      -0.9578348994255066,
      0.28540855646133423
    ],
    [
      0.01702066883444786,
      -0.2860633134841919,
      -0.958059549331665
    ]
  ],
  "position": [
    -0.0060888417065143585,
    2.9275128841400146,
    8.667890548706055
  ],
  "focal_length": 2160.0,
  "principal_point": [
    960.0,
    540.0
  ],
  "skew": 0.0,
  "pixel_aspect_ratio": 1.0,
  "radial_distortion": [
    0.0,
    0.0,
    0.0
  ],
  "tangential_distortion": [
    0.0,
    0.0
  ],
  "image_size": [
    1920,
    1080
  ],
  "t": 8498535,
  "img_id": "0217"
}