{
  "orientation": [
    [
      -0.9988027811050415,
      0.01610550656914711,
      -0.0461905375123024
    ],
    [
      -0.029524538666009903,
      -0.9513434171676636,
      0.30671486258506775
    ],
    [
      0.03900326415896416,
      -0.3077114224433899,
      -0.9506799578666687
    ]
  ],
  "position": [
    -0.18733614683151245,
    3.08077073097229,
    8.62088680267334
  ],
  "focal_length": 2160.0,
  "principal_point": [
    960.0,
    540.0
  ],
  "skew": 0.0,
  "pixel_aspect_ratio": 1.0,
  "radial_distortion": [
    0.0,
    0.0,
    0.0
  ],
  "tangential_distortion": [
    0.0,
    0.0
  ],
  "image_size": [
    1920,
    1080
  ],
  "t": 8537598,
  "img_id": "0218"
}