{
  "orientation": [
    [
      -0.9976455569267273,
      0.00936782918870449,
      -0.06793832033872604
    ],
    [
      -0.031209025532007217,
      -0.9441243410110474,
      0.32810860872268677
    ],
    [
      0.06106855720281601,
      -0.3294563889503479,
      -0.9421938061714172
    ]
  ],
  "position": [
    -0.4262109398841858,
    3.245661973953247,
    8.56455135345459
  ],
  "focal_length": 2160.0,
  "principal_point": [
    960.0,
    540.0
  ],
  "skew": 0.0,
  "pixel_aspect_ratio": 1.0,
  "radial_distortion": [
    0.0,
    0.0,
    0.0
  ],
  "tangential_distortion": [
    0.0,
    0.0
  ],
  "image_size": [
    1920,
    1080
  ],
  "t": 8576660,
  "img_id": "0219"
}