{
  "orientation": [
    [
      -0.9955438375473022,
      0.00857149064540863,
      -0.09390921890735626
    ],
    [
      -0.04029855877161026,
      -0.9390166401863098,
      0.34150224924087524
    ],
    [
      0.08525513112545013,
      -0.34376490116119385,
      -0.9351776838302612
    ]
  ],
  "position": [
    -0.6688355803489685,
    3.3696205615997314,
    8.515606880187988
  ],
  "focal_length": 2160.0,
  "principal_point": [
    960.0,
    540.0
  ],
  "skew": 0.0,
  "pixel_aspect_ratio": 1.0,
  "radial_distortion": [
    0.0,
    0.0,
    0.0
  ],
  "tangential_distortion": [
    0.0,
    0.0
  ],
  "image_size": [
    1920,
    1080
  ],
  "t": 8615723,
  "img_id": "0220"
}