{
  "orientation": [
    [
      -0.9920693039894104,
      0.00890722218900919,
      -0.12537585198879242
    ],
    [
      -0.051624372601509094,
      -0.9383437037467957,
      0.34182754158973694
    ],
    [
      0.11460091173648834,
      -0.3455890715122223,
      -0.9313617944717407
    ]
  ],
  "position": [
    -0.8707410097122192,
    3.4124653339385986,
    8.48699951171875
  ],
  "focal_length": 2160.0,
  "principal_point": [
    960.0,
    540.0
  ],
  "skew": 0.0,
  "pixel_aspect_ratio": 1.0,
  "radial_distortion": [
    0.0,
    0.0,
    0.0
  ],
  "tangential_distortion": [
    0.0,
    0.0
  ],
  "image_size": [
    1920,
    1080
  ],
  "t": 8654785,
  "img_id": "0221"
}