{
  "orientation": [
    [
      -0.9883348345756531,
      0.007345318794250488,
      -0.15211941301822662
    ],
    [
      -0.05855688452720642,
      -0.9403817653656006,
      0.3350420594215393
    ],
    [
      0.14058934152126312,
      -0.3400413691997528,
      -0.9298421740531921
    ]
  ],
  "position": [
    -1.029855489730835,
    3.389730930328369,
    8.474664688110352
  ],
  "focal_length": 2160.0,
  "principal_point": [
    960.0,
    540.0
  ],
  "skew": 0.0,
  "pixel_aspect_ratio": 1.0,
  "radial_distortion": [
    0.0,
    0.0,
    0.0
  ],
  "tangential_distortion": [
    0.0,
    0.0
  ],
  "image_size": [
    1920,
    1080
  ],
  "t": 8693848,
  "img_id": "0222"
}