{
  "orientation": [
    [
      -0.9863642454147339,
      0.002583230845630169,
      -0.16455675661563873
    ],
    [
      -0.057362861931324005,
      -0.9425719976425171,
      0.3290402293205261
    ],
    [
      0.15425661206245422,
      -0.33399295806884766,
      -0.9298675060272217
    ]
  ],
  "position": [
    -1.1559842824935913,
    3.3325889110565186,
    8.469765663146973
  ],
  "focal_length": 2160.0,
  "principal_point": [
    960.0,
    540.0
  ],
  "skew": 0.0,
  "pixel_aspect_ratio": 1.0,
  "radial_distortion": [
    0.0,
    0.0,
    0.0
  ],
  "tangential_distortion": [
    0.0,
    0.0
  ],
  "image_size": [
    1920,
    1080
  ],
  "t": 8732910,
  "img_id": "0223"
}