{
  "orientation": [
    [
      -0.9850637912750244,
      0.0015252723824232817,
      -0.17218318581581116
    ],
    [
      -0.05771000683307648,
      -0.9450511336326599,
      0.3217885494232178
    ],
    [
      0.16223110258579254,
      -0.32691892981529236,
      -0.9310236573219299
    ]
  ],
  "position": [
    -1.2589651346206665,
    3.27189564704895,
    8.463579177856445
  ],
  "focal_length": 2160.0,
  "principal_point": [
    960.0,
    540.0
  ],
  "skew": 0.0,
  "pixel_aspect_ratio": 1.0,
  "radial_distortion": [
    0.0,
    0.0,
    0.0
  ],
  "tangential_distortion": [
    0.0,
    0.0
  ],
  "image_size": [
    1920,
    1080
  ],
  "t": 8771973,
  "img_id": "0224"
}