{
  "orientation": [
    [
      -0.9832350611686707,
      0.0059509072452783585,
      -0.1822453886270523
    ],
    [
      -0.06363920867443085,
      -0.9478193521499634,
      0.3123915493488312
    ],
    [
      0.17087669670581818,
      -0.3187522888183594,
      -0.9323079586029053
    ]
  ],
  "position": [
    -1.3494174480438232,
    3.2239363193511963,
    8.452655792236328
  ],
  "focal_length": 2160.0,
  "principal_point": [
    960.0,
    540.0
  ],
  "skew": 0.0,
  "pixel_aspect_ratio": 1.0,
  "radial_distortion": [
    0.0,
    0.0,
    0.0
  ],
  "tangential_distortion": [
    0.0,
    0.0
  ],
  "image_size": [
    1920,
    1080
  ],
  "t": 8811035,
  "img_id": "0225"
}