{
  "orientation": [
    [
      -0.9811963438987732,
      0.012580947950482368,
      -0.19260193407535553
    ],
    [
      -0.07216209918260574,
      -0.9494191408157349,
      0.30560749769210815
    ],
    [
      0.1790151298046112,
      -0.3137595057487488,
      -0.9324744343757629
    ]
  ],
  "position": [
    -1.439086675643921,
    3.1845004558563232,
    8.440961837768555
  ],
  "focal_length": 2160.0,
  "principal_point": [
    960.0,
    540.0
  ],
  "skew": 0.0,
  "pixel_aspect_ratio": 1.0,
  "radial_distortion": [
    0.0,
    0.0,
    0.0
  ],
  "tangential_distortion": [
    0.0,
    0.0
  ],
  "image_size": [
    1920,
    1080
  ],
  "t": 8850098,
  "img_id": "0226"
}