{
  "orientation": [
    [
      -0.9785694479942322,
      0.023085089400410652,
      -0.20461903512477875
    ],
    [
      -0.08552217483520508,
      -0.9495027661323547,
      0.3018782138824463
    ],
    [
      0.18731746077537537,
      -0.31290826201438904,
      -0.9311286807060242
    ]
  ],
  "position": [
    -1.5397920608520508,
    3.147844076156616,
    8.43302059173584
  ],
  "focal_length": 2160.0,
  "principal_point": [
    960.0,
    540.0
  ],
  "skew": 0.0,
  "pixel_aspect_ratio": 1.0,
  "radial_distortion": [
    0.0,
    0.0,
    0.0
  ],
  "tangential_distortion": [
    0.0,
    0.0
  ],
  "image_size": [
    1920,
    1080
  ],
  "t": 8889160,
  "img_id": "0227"
}