{
  "orientation": [
    [
      -0.9745470881462097,
      0.034415289759635925,
      -0.22152560949325562
    ],
    [
      -0.10090849548578262,
      -0.9497254490852356,
      0.2963765859603882
    ],
    [
      0.20018862187862396,
      -0.3111867308616638,
      -0.9290249347686768
    ]
  ],
  "position": [
    -1.6632460355758667,
    3.1082570552825928,
    8.433332443237305
  ],
  "focal_length": 2160.0,
  "principal_point": [
    960.0,
    540.0
  ],
  "skew": 0.0,
  "pixel_aspect_ratio": 1.0,
  "radial_distortion": [
    0.0,
    0.0,
    0.0
  ],
  "tangential_distortion": [
    0.0,
    0.0
  ],
  "image_size": [
    1920,
    1080
  ],
  "t": 8928223,
  "img_id": "0228"
}