{
  "orientation": [
    [
      -0.9707894921302795,
      0.03228958323597908,
      -0.2377500683069229
    ],
    [
      -0.10268090665340424,
      -0.9514883756637573,
      0.29004570841789246
    ],
    [
      0.21685096621513367,
      -0.3059857189655304,
      -0.9270104765892029
    ]
  ],
  "position": [
    -1.8089842796325684,
    3.0639166831970215,
    8.444138526916504
  ],
  "focal_length": 2160.0,
  "principal_point": [
    960.0,
    540.0
  ],
  "skew": 0.0,
  "pixel_aspect_ratio": 1.0,
  "radial_distortion": [
    0.0,
    0.0,
    0.0
  ],
  "tangential_distortion": [
    0.0,
    0.0
  ],
  "image_size": [
    1920,
    1080
  ],
  "t": 8967285,
  "img_id": "0229"
}