{
  "orientation": [
    [
      -0.9688646793365479,
      0.027176888659596443,
      -0.2460947036743164
    ],
    [
      -0.09909869730472565,
      -0.9534336924552917,
      0.28485727310180664
    ],
    [
      0.22689345479011536,
      -0.3003758192062378,
      -0.9264414310455322
    ]
  ],
  "position": [
    -1.9539361000061035,
    3.020216941833496,
    8.463473320007324
  ],
  "focal_length": 2160.0,
  "principal_point": [
    960.0,
    540.0
  ],
  "skew": 0.0,
  "pixel_aspect_ratio": 1.0,
  "radial_distortion": [
    0.0,
    0.0,
    0.0
  ],
  "tangential_distortion": [
    0.0,
    0.0
  ],
  "image_size": [
    1920,
    1080
  ],
  "t": 9006348,
  "img_id": "0230"
}