{
  "orientation": [
    [
      -0.9686457514762878,
      0.0255073644220829,
      -0.24713316559791565
    ],
    [
      -0.09696605801582336,
      -0.9546404480934143,
      0.2815299928188324
    ],
    [
      0.22874222695827484,
      -0.29666638374328613,
      -0.9271817803382874
    ]
  ],
  "position": [
    -2.0725531578063965,
    2.983342409133911,
    8.488917350769043
  ],
  "focal_length": 2160.0,
  "principal_point": [
    960.0,
    540.0
  ],
  "skew": 0.0,
  "pixel_aspect_ratio": 1.0,
  "radial_distortion": [
    0.0,
    0.0,
    0.0
  ],
  "tangential_distortion": [
    0.0,
    0.0
  ],
  "image_size": [
    1920,
    1080
  ],
  "t": 9045410,
  "img_id": "0231"
}