{
  "orientation": [
    [
      -0.9687355160713196,
      0.01629728078842163,
      -0.2475598007440567
    ],
    [
      -0.0880727767944336,
      -0.9554392695426941,
      0.2817426919937134
    ],
    [
      0.2319367229938507,
      -0.29473745822906494,
      -0.9270033240318298
    ]
  ],
  "position": [
    -2.1393611431121826,
    2.9594626426696777,
    8.51803970336914
  ],
  "focal_length": 2160.0,
  "principal_point": [
    960.0,
    540.0
  ],
  "skew": 0.0,
  "pixel_aspect_ratio": 1.0,
  "radial_distortion": [
    0.0,
    0.0,
    0.0
  ],
  "tangential_distortion": [
    0.0,
    0.0
  ],
  "image_size": [
    1920,
    1080
  ],
  "t": 9084473,
  "img_id": "0232"
}