{
  "orientation": [
    [
      -0.9685451984405518,
      0.016988852992653847,
      -0.24825707077980042
    ],
    [
      -0.08896475285291672,
      -0.9553671479225159,
      0.28170716762542725
    ],
    [
      0.23239076137542725,
      -0.2949322462081909,
      -0.9268276691436768
    ]
  ],
  "position": [
    -2.1512842178344727,
    2.9505584239959717,
    8.545219421386719
  ],
  "focal_length": 2160.0,
  "principal_point": [
    960.0,
    540.0
  ],
  "skew": 0.0,
  "pixel_aspect_ratio": 1.0,
  "radial_distortion": [
    0.0,
    0.0,
    0.0
  ],
  "tangential_distortion": [
    0.0,
    0.0
  ],
  "image_size": [
    1920,
    1080
  ],
  "t": 9123535,
  "img_id": "0233"
}