{
  "orientation": [
    [
      -0.9679059386253357,
      0.019037725403904915,
      -0.2505907118320465
    ],
    [
      -0.0918264091014862,
      -0.9549719095230103,
      0.2821287214756012
    ],
    [
      0.23393598198890686,
      -0.2960849106311798,
      -0.9260711073875427
    ]
  ],
  "position": [
    -2.1609630584716797,
    2.948188066482544,
    8.556907653808594
  ],
  "focal_length": 2160.0,
  "principal_point": [
    960.0,
    540.0
  ],
  "skew": 0.0,
  "pixel_aspect_ratio": 1.0,
  "radial_distortion": [
    0.0,
    0.0,
    0.0
  ],
  "tangential_distortion": [
    0.0,
    0.0
  ],
  "image_size": [
    1920,
    1080
  ],
  "t": 9162598,
  "img_id": "0234"
}