{
  "orientation": [
    [
      -0.9661622047424316,
      0.013775290921330452,
      -0.2575671672821045
    ],
    [
      -0.08916010707616806,
      -0.9548536539077759,
      0.2833813726902008
    ],
    [
      0.24203528463840485,
      -0.2967571020126343,
      -0.9237716794013977
    ]
  ],
  "position": [
    -2.2295472621917725,
    2.9423184394836426,
    8.538342475891113
  ],
  "focal_length": 2160.0,
  "principal_point": [
    960.0,
    540.0
  ],
  "skew": 0.0,
  "pixel_aspect_ratio": 1.0,
  "radial_distortion": [
    0.0,
    0.0,
    0.0
  ],
  "tangential_distortion": [
    0.0,
    0.0
  ],
  "image_size": [
    1920,
    1080
  ],
  "t": 9201660,
  "img_id": "0235"
}