{
  "orientation": [
    [
      -0.9610487222671509,
      0.00642171036452055,
      -0.2763044834136963
    ],
    [
      -0.08752568811178207,
      -0.955345630645752,
      0.28223028779029846
    ],
    [
      0.26215386390686035,
      -0.2954207956790924,
      -0.9186957478523254
    ]
  ],
  "position": [
    -2.418187379837036,
    2.9229166507720947,
    8.474761009216309
  ],
  "focal_length": 2160.0,
  "principal_point": [
    960.0,
    540.0
  ],
  "skew": 0.0,
  "pixel_aspect_ratio": 1.0,
  "radial_distortion": [
    0.0,
    0.0,
    0.0
  ],
  "tangential_distortion": [
    0.0,
    0.0
  ],
  "image_size": [
    1920,
    1080
  ],
  "t": 9240723,
  "img_id": "0236"
}