{
  "orientation": [
    [
      -0.9504671096801758,
      0.002187979407608509,
      -0.31081750988960266
    ],
    [
      -0.09249410033226013,
      -0.9566654562950134,
      0.2761087417602539
    ],
    [
      0.2967442572116852,
      -0.2911810576915741,
      -0.909481406211853
    ]
  ],
  "position": [
    -2.7562789916992188,
    2.886322259902954,
    8.359550476074219
  ],
  "focal_length": 2160.0,
  "principal_point": [
    960.0,
    540.0
  ],
  "skew": 0.0,
  "pixel_aspect_ratio": 1.0,
  "radial_distortion": [
    0.0,
    0.0,
    0.0
  ],
  "tangential_distortion": [
    0.0,
    0.0
  ],
  "image_size": [
    1920,
    1080
  ],
  "t": 9279785,
  "img_id": "0237"
}