{
  "orientation": [
    [
      -0.9359222054481506,
      -0.003304834011942148,
      -0.3521912693977356
    ],
    [
      -0.09777277708053589,
      -0.9582164287567139,
      0.2688154876232147
    ],
    [
      0.3383638262748718,
      -0.2860250771045685,
      -0.8964928984642029
    ]
  ],
  "position": [
    -3.166330337524414,
    2.8503317832946777,
    8.213516235351562
  ],
  "focal_length": 2160.0,
  "principal_point": [
    960.0,
    540.0
  ],
  "skew": 0.0,
  "pixel_aspect_ratio": 1.0,
  "radial_distortion": [
    0.0,
    0.0,
    0.0
  ],
  "tangential_distortion": [
    0.0,
    0.0
  ],
  "image_size": [
    1920,
    1080
  ],
  "t": 9318848,
  "img_id": "0238"
}