{
  "orientation": [
    [
      -0.9207737445831299,
      -0.013506341725587845,
      -0.38986313343048096
    ],
    [
      -0.09857822954654694,
      -0.958907961845398,
      0.26604101061820984
    ],
    [
      0.377436101436615,
      -0.2833956182003021,
      -0.881605863571167
    ]
  ],
  "position": [
    -3.5483286380767822,
    2.8372581005096436,
    8.063247680664062
  ],
  "focal_length": 2160.0,
  "principal_point": [
    960.0,
    540.0
  ],
  "skew": 0.0,
  "pixel_aspect_ratio": 1.0,
  "radial_distortion": [
    0.0,
    0.0,
    0.0
  ],
  "tangential_distortion": [
    0.0,
    0.0
  ],
  "image_size": [
    1920,
    1080
  ],
  "t": 9357910,
  "img_id": "0239"
}