{
  "orientation": [
    [
      -0.9090210199356079,
      -0.018349282443523407,
      -0.41634613275527954
    ],
    [
      -0.10429814457893372,
      -0.9572218656539917,
      0.26990413665771484
    ],
    [
      0.4034881591796875,
      -0.2887726426124573,
      -0.8682209849357605
    ]
  ],
  "position": [
    -3.8046364784240723,
    2.8687093257904053,
    7.934954643249512
  ],
  "focal_length": 2160.0,
  "principal_point": [
    960.0,
    540.0
  ],
  "skew": 0.0,
  "pixel_aspect_ratio": 1.0,
  "radial_distortion": [
    0.0,
    0.0,
    0.0
  ],
  "tangential_distortion": [
    0.0,
    0.0
  ],
  "image_size": [
    1920,
    1080
  ],
  "t": 9396973,
  "img_id": "0240"
}