{
  "orientation": [
    [
      -0.9036511182785034,
      -0.015793589875102043,
      -0.4279780983924866
    ],
    [
      -0.11548753082752228,
      -0.9533140063285828,
      0.27902522683143616
    ],
    [
      0.412404328584671,
      -0.30156758427619934,
      -0.8596392869949341
    ]
  ],
  "position": [
    -3.900935411453247,
    2.9472501277923584,
    7.844992637634277
  ],
  "focal_length": 2160.0,
  "principal_point": [
    960.0,
    540.0
  ],
  "skew": 0.0,
  "pixel_aspect_ratio": 1.0,
  "radial_distortion": [
    0.0,
    0.0,
    0.0
  ],
  "tangential_distortion": [
    0.0,
    0.0
  ],
  "image_size": [
    1920,
    1080
  ],
  "t": 9436035,
  "img_id": "0241"
}