{
  "orientation": [
    [
      -0.9052839279174805,
      -0.015339475125074387,
      -0.424530029296875
    ],
    [
      -0.12019648402929306,
      -0.9492618441581726,
      0.29061105847358704
    ],
    [
      0.4074479639530182,
      -0.3141125440597534,
      -0.8575077056884766
    ]
  ],
  "position": [
    -3.8720953464508057,
    3.054659128189087,
    7.798933029174805
  ],
  "focal_length": 2160.0,
  "principal_point": [
    960.0,
    540.0
  ],
  "skew": 0.0,
  "pixel_aspect_ratio": 1.0,
  "radial_distortion": [
    0.0,
    0.0,
    0.0
  ],
  "tangential_distortion": [
    0.0,
    0.0
  ],
  "image_size": [
    1920,
    1080
  ],
  "t": 9475098,
  "img_id": "0242"
}