{
  "orientation": [
    [
      -0.9120385050773621,
      -0.01923958957195282,
      -0.40965303778648376
    ],
    [
      -0.11613724380731583,
      -0.9458911418914795,
      0.30298858880996704
    ],
    [
      0.3933165669441223,
      -0.32391324639320374,
      -0.8604546785354614
    ]
  ],
  "position": [
    -3.7564873695373535,
    3.171651840209961,
    7.801806926727295
  ],
  "focal_length": 2160.0,
  "principal_point": [
    960.0,
    540.0
  ],
  "skew": 0.0,
  "pixel_aspect_ratio": 1.0,
  "radial_distortion": [
    0.0,
    0.0,
    0.0
  ],
  "tangential_distortion": [
    0.0,
    0.0
  ],
  "image_size": [
    1920,
    1080
  ],
  "t": 9514160,
  "img_id": "0243"
}