{
  "orientation": [
    [
      -0.9193904399871826,
      -0.020400801673531532,
      -0.39281681180000305
    ],
    [
      -0.11390448361635208,
      -0.9420579075813293,
      0.31551969051361084
    ],
    [
      0.37649303674697876,
      -0.3348293602466583,
      -0.863795280456543
    ]
  ],
  "position": [
    -3.592522621154785,
    3.2791504859924316,
    7.858270168304443
  ],
  "focal_length": 2160.0,
  "principal_point": [
    960.0,
    540.0
  ],
  "skew": 0.0,
  "pixel_aspect_ratio": 1.0,
  "radial_distortion": [
    0.0,
    0.0,
    0.0
  ],
  "tangential_distortion": [
    0.0,
    0.0
  ],
  "image_size": [
    1920,
    1080
  ],
  "t": 9553223,
  "img_id": "0244"
}