{
  "orientation": [
    [
      -0.9268380999565125,
      -0.014939539134502411,
      -0.37516382336616516
    ],
    [
      -0.11657004058361053,
      -0.9383800625801086,
      0.32535257935523987
    ],
    [
      0.35690686106681824,
      -0.34528204798698425,
      -0.8679848909378052
    ]
  ],
  "position": [
    -3.420928955078125,
    3.3676812648773193,
    7.954568386077881
  ],
  "focal_length": 2160.0,
  "principal_point": [
    960.0,
    540.0
  ],
  "skew": 0.0,
  "pixel_aspect_ratio": 1.0,
  "radial_distortion": [
    0.0,
    0.0,
    0.0
  ],
  "tangential_distortion": [
    0.0,
    0.0
  ],
  "image_size": [
    1920,
    1080
  ],
  "t": 9592285,
  "img_id": "0245"
}