{
  "orientation": [
    [
      -0.933849573135376,
      -0.006663192994892597,
      -0.3576039671897888
    ],
    [
      -0.11961531639099121,
      -0.9364377856254578,
      0.32981282472610474
    ],
    [
      0.3370714485645294,
      -0.3507704734802246,
      -0.8736949563026428
    ]
  ],
  "position": [
    -3.28572416305542,
    3.441587448120117,
    8.050524711608887
  ],
  "focal_length": 2160.0,
  "principal_point": [
    960.0,
    540.0
  ],
  "skew": 0.0,
  "pixel_aspect_ratio": 1.0,
  "radial_distortion": [
    0.0,
    0.0,
    0.0
  ],
  "tangential_distortion": [
    0.0,
    0.0
  ],
  "image_size": [
    1920,
    1080
  ],
  "t": 9631348,
  "img_id": "0246"
}