{
  "orientation": [
    [
      -0.9356391429901123,
      -0.001952611142769456,
      -0.35295259952545166
    ],
    [
      -0.12333189696073532,
      -0.9351418018341064,
      0.3321129381656647
    ],
    [
      0.33070921897888184,
      -0.3542681932449341,
      -0.8747144937515259
    ]
  ],
  "position": [
    -3.231196641921997,
    3.5062711238861084,
    8.103909492492676
  ],
  "focal_length": 2160.0,
  "principal_point": [
    960.0,
    540.0
  ],
  "skew": 0.0,
  "pixel_aspect_ratio": 1.0,
  "radial_distortion": [
    0.0,
    0.0,
    0.0
  ],
  "tangential_distortion": [
    0.0,
    0.0
  ],
  "image_size": [
    1920,
    1080
  ],
  "t": 9670410,
  "img_id": "0247"
}