{
  "orientation": [
    [
      -0.93275386095047,
      -0.0052619874477386475,
      -0.3604755103588104
    ],
    [
      -0.12513698637485504,
      -0.9329999089241028,
      0.33741942048072815
    ],
    [
      0.3380991220474243,
      -0.35983806848526,
      -0.869600772857666
    ]
  ],
  "position": [
    -3.3012754917144775,
    3.567056179046631,
    8.072763442993164
  ],
  "focal_length": 2160.0,
  "principal_point": [
    960.0,
    540.0
  ],
  "skew": 0.0,
  "pixel_aspect_ratio": 1.0,
  "radial_distortion": [
    0.0,
    0.0,
    0.0
  ],
  "tangential_distortion": [
    0.0,
    0.0
  ],
  "image_size": [
    1920,
    1080
  ],
  "t": 9709473,
  "img_id": "0248"
}