{
  "orientation": [
    [
      -0.9245628714561462,
      -0.008675607852637768,
      -0.3809308111667633
    ],
    [
      -0.13272427022457123,
      -0.9297959208488464,
      0.34331294894218445
    ],
    [
      0.3571663498878479,
      -0.3679731488227844,
      -0.8585033416748047
    ]
  ],
  "position": [
    -3.500643014907837,
    3.6197054386138916,
    7.944650173187256
  ],
  "focal_length": 2160.0,
  "principal_point": [
    960.0,
    540.0
  ],
  "skew": 0.0,
  "pixel_aspect_ratio": 1.0,
  "radial_distortion": [
    0.0,
    0.0,
    0.0
  ],
  "tangential_distortion": [
    0.0,
    0.0
  ],
  "image_size": [
    1920,
    1080
  ],
  "t": 9748535,
  "img_id": "0249"
}