{
  "orientation": [
    [
      -0.911401093006134,
      -0.007007033564150333,
      -0.4114595949649811
    ],
    [
      -0.14743131399154663,
      -0.9279264211654663,
      0.3423691391944885
    ],
    [
      0.3842032253742218,
      -0.3726976215839386,
      -0.8446800708770752
    ]
  ],
  "position": [
    -3.7594048976898193,
    3.6418254375457764,
    7.763238430023193
  ],
  "focal_length": 2160.0,
  "principal_point": [
    960.0,
    540.0
  ],
  "skew": 0.0,
  "pixel_aspect_ratio": 1.0,
  "radial_distortion": [
    0.0,
    0.0,
    0.0
  ],
  "tangential_distortion": [
    0.0,
    0.0
  ],
  "image_size": [
    1920,
    1080
  ],
  "t": 9787598,
  "img_id": "0250"
}