{
  "orientation": [
    [
      -0.8993821740150452,
      -0.021721746772527695,
      -0.43662330508232117
    ],
    [
      -0.14311100542545319,
      -0.9291022419929504,
      0.3410106599330902
    ],
    [
      0.4130750596523285,
      -0.3691845238208771,
      -0.8325093388557434
    ]
  ],
  "position": [
    -3.999300003051758,
    3.608988046646118,
    7.578490734100342
  ],
  "focal_length": 2160.0,
  "principal_point": [
    960.0,
    540.0
  ],
  "skew": 0.0,
  "pixel_aspect_ratio": 1.0,
  "radial_distortion": [
    0.0,
    0.0,
    0.0
  ],
  "tangential_distortion": [
    0.0,
    0.0
  ],
  "image_size": [
    1920,
    1080
  ],
  "t": 9826660,
  "img_id": "0251"
}