{
  "orientation": [
    [
      -0.8905287981033325,
      -0.024206554517149925,
      -0.45428234338760376
    ],
    [
      -0.14205621182918549,
      -0.9338538646697998,
      0.32823315262794495
    ],
    [
      0.43217870593070984,
      -0.3568347096443176,
      -0.8281850814819336
    ]
  ],
  "position": [
    -4.1421613693237305,
    3.4967753887176514,
    7.44032096862793
  ],
  "focal_length": 2160.0,
  "principal_point": [
    960.0,
    540.0
  ],
  "skew": 0.0,
  "pixel_aspect_ratio": 1.0,
  "radial_distortion": [
    0.0,
    0.0,
    0.0
  ],
  "tangential_distortion": [
    0.0,
    0.0
  ],
  "image_size": [
    1920,
    1080
  ],
  "t": 9865723,
  "img_id": "0252"
}