{
  "orientation": [
    [
      -0.888698160648346,
      -0.0071466281078755856,
      -0.45843705534935
    ],
    [
      -0.14782673120498657,
      -0.9420158267021179,
      0.3012531101703644
    ],
    [
      0.4340079128742218,
      -0.3354923129081726,
      -0.8361112475395203
    ]
  ],
  "position": [
    -4.140072822570801,
    3.2856242656707764,
    7.386074066162109
  ],
  "focal_length": 2160.0,
  "principal_point": [
    960.0,
    540.0
  ],
  "skew": 0.0,
  "pixel_aspect_ratio": 1.0,
  "radial_distortion": [
    0.0,
    0.0,
    0.0
  ],
  "tangential_distortion": [
    0.0,
    0.0
  ],
  "image_size": [
    1920,
    1080
  ],
  "t": 9904785,
  "img_id": "0253"
}