{
  "orientation": [
    [
      -0.8967047333717346,
      -0.007727413438260555,
      -0.44256171584129333
    ],
    [
      -0.12786218523979187,
      -0.9527003169059753,
      0.27570512890815735
    ],
    [
      0.42375919222831726,
      -0.30381301045417786,
      -0.8533028960227966
    ]
  ],
  "position": [
    -4.022115230560303,
    2.9682834148406982,
    7.421069622039795
  ],
  "focal_length": 2160.0,
  "principal_point": [
    960.0,
    540.0
  ],
  "skew": 0.0,
  "pixel_aspect_ratio": 1.0,
  "radial_distortion": [
    0.0,
    0.0,
    0.0
  ],
  "tangential_distortion": [
    0.0,
    0.0
  ],
  "image_size": [
    1920,
    1080
  ],
  "t": 9943848,
  "img_id": "0254"
}