{
  "orientation": [
    [
      0.9969636797904968,
      -0.027200691401958466,
      0.07296223938465118
    ],
    [
      0.00437702564522624,
      -0.9159460663795471,
      -0.40127748250961304
    ],
    [
      0.0777444988489151,
      0.40037843585014343,
      -0.9130459427833557
    ]
  ],
  "position": [
    0.6577057242393494,
    -0.21230024099349976,
    -0.17830075323581696
  ],
  "focal_length": 350.0,
  "principal_point": [
    240.0,
    180.0
  ],
  "skew": 0.0,
  "pixel_aspect_ratio": 1.0,
  "radial_distortion": [
    0.0,
    0.0,
    0.0
  ],
  "tangential_distortion": [
    0.0,
    0.0
  ],
  "image_size": [
    480,
    360
  ],
  "t": "30710"
}