{
  "orientation": [
    [
      0.9919346570968628,
      0.059147536754608154,
      0.11210372298955917
    ],
    [
      0.09036672115325928,
      -0.9501972794532776,
      -0.29826000332832336
    ],
    [
      0.0888793021440506,
      0.30598485469818115,
      -0.9478785395622253
    ]
  ],
  "position": [
    0.5541637539863586,
    -0.2831781506538391,
    -0.096819207072258
  ],
  "focal_length": 350.0,
  "principal_point": [
    240.0,
    180.0
  ],
  "skew": 0.0,
  "pixel_aspect_ratio": 1.0,
  "radial_distortion": [
    0.0,
    0.0,
    0.0
  ],
  "tangential_distortion": [
    0.0,
    0.0
  ],
  "image_size": [
    480,
    360
  ],
  "t": "99080"
}