{
  "orientation": [
    [
      0.9768911600112915,
      0.15974846482276917,
      0.142000213265419
    ],
    [
      0.1826733946800232,
      -0.9689471125602722,
      -0.16664914786815643
    ],
    [
      0.11096874624490738,
      0.18873775005340576,
      -0.9757376909255981
    ]
  ],
  "position": [
    0.4230475127696991,
    -0.34178414940834045,
    0.0002609893272165209
  ],
  "focal_length": 350.0,
  "principal_point": [
    240.0,
    180.0
  ],
  "skew": 0.0,
  "pixel_aspect_ratio": 1.0,
  "radial_distortion": [
    0.0,
    0.0,
    0.0
  ],
  "tangential_distortion": [
    0.0,
    0.0
  ],
  "image_size": [
    480,
    360
  ],
  "t": "196101"
}