{
  "orientation": [
    [
      0.9524790644645691,
      0.26506751775741577,
      0.15007632970809937
    ],
    [
      0.2682688534259796,
      -0.9633434414863586,
      -0.0011288324603810906
    ],
    [
      0.14427582919597626,
      0.04133599251508713,
      -0.988673746585846
    ]
  ],
  "position": [
    0.24926535785198212,
    -0.3505200743675232,
    0.11555277556180954
  ],
  "focal_length": 350.0,
  "principal_point": [
    240.0,
    180.0
  ],
  "skew": 0.0,
  "pixel_aspect_ratio": 1.0,
  "radial_distortion": [
    0.0,
    0.0,
    0.0
  ],
  "tangential_distortion": [
    0.0,
    0.0
  ],
  "image_size": [
    480,
    360
  ],
  "t": "351482"
}