{
  "orientation": [
    [
      0.947062611579895,
      0.3030562102794647,
      0.10596871376037598
    ],
    [
      0.2807932198047638,
      -0.9419164657592773,
      0.18425138294696808
    ],
    [
      0.15565219521522522,
      -0.14474229514598846,
      -0.9771499633789062
    ]
  ],
  "position": [
    0.010870043188333511,
    -0.1386088877916336,
    0.23113001883029938
  ],
  "focal_length": 350.0,
  "principal_point": [
    240.0,
    180.0
  ],
  "skew": 0.0,
  "pixel_aspect_ratio": 1.0,
  "radial_distortion": [
    0.0,
    0.0,
    0.0
  ],
  "tangential_distortion": [
    0.0,
    0.0
  ],
  "image_size": [
    480,
    360
  ],
  "t": "680353"
}