{
  "orientation": [
    [
      0.9876905083656311,
      0.15244929492473602,
      0.035023827105760574
    ],
    [
      0.14033226668834686,
      -0.9625124335289001,
      0.23211345076560974
    ],
    [
      0.0690964013338089,
      -0.2243412733078003,
      -0.9720579385757446
    ]
  ],
  "position": [
    -0.08895622193813324,
    0.26578840613365173,
    0.22164194285869598
  ],
  "focal_length": 350.0,
  "principal_point": [
    240.0,
    180.0
  ],
  "skew": 0.0,
  "pixel_aspect_ratio": 1.0,
  "radial_distortion": [
    0.0,
    0.0,
    0.0
  ],
  "tangential_distortion": [
    0.0,
    0.0
  ],
  "image_size": [
    480,
    360
  ],
  "t": "1070513"
}