{
  "orientation": [
    [
      0.9989832043647766,
      -0.03417623043060303,
      -0.029403233900666237
    ],
    [
      -0.026852475479245186,
      -0.9749329686164856,
      0.2208724021911621
    ],
    [
      -0.03621476888656616,
      -0.21985827386379242,
      -0.9748594164848328
    ]
  ],
  "position": [
    -0.0610223151743412,
    0.5498572587966919,
    0.15359589457511902
  ],
  "focal_length": 350.0,
  "principal_point": [
    240.0,
    180.0
  ],
  "skew": 0.0,
  "pixel_aspect_ratio": 1.0,
  "radial_distortion": [
    0.0,
    0.0,
    0.0
  ],
  "tangential_distortion": [
    0.0,
    0.0
  ],
  "image_size": [
    480,
    360
  ],
  "t": "1405558"
}