{
  "orientation": [
    [
      0.9550367593765259,
      -0.27146658301353455,
      -0.11920875310897827
    ],
    [
      -0.2416725754737854,
      -0.9456893801689148,
      0.2174074351787567
    ],
    [
      -0.17175330221652985,
      -0.1788226068019867,
      -0.968774139881134
    ]
  ],
  "position": [
    0.12104412168264389,
    0.6249209046363831,
    0.028051046654582024
  ],
  "focal_length": 350.0,
  "principal_point": [
    240.0,
    180.0
  ],
  "skew": 0.0,
  "pixel_aspect_ratio": 1.0,
  "radial_distortion": [
    0.0,
    0.0,
    0.0
  ],
  "tangential_distortion": [
    0.0,
    0.0
  ],
  "image_size": [
    480,
    360
  ],
  "t": "1982759"
}