{
  "orientation": [
    [
      0.9369787573814392,
      -0.3194660246372223,
      -0.14146459102630615
    ],
    [
      -0.2773575782775879,
      -0.9263416528701782,
      0.2548801898956299
    ],
    [
      -0.21247011423110962,
      -0.1995810568332672,
      -0.9565687775611877
    ]
  ],
  "position": [
    0.29622504115104675,
    0.27428287267684937,
    -0.024896007031202316
  ],
  "focal_length": 350.0,
  "principal_point": [
    240.0,
    180.0
  ],
  "skew": 0.0,
  "pixel_aspect_ratio": 1.0,
  "radial_distortion": [
    0.0,
    0.0,
    0.0
  ],
  "tangential_distortion": [
    0.0,
    0.0
  ],
  "image_size": [
    480,
    360
  ],
  "t": "2468478"
}