{
  "orientation": [
    [
      0.9469355940818787,
      -0.29301151633262634,
      -0.13212600350379944
    ],
    [
      -0.24696318805217743,
      -0.9263555407524109,
      0.2843846082687378
    ],
    [
      -0.2057236135005951,
      -0.23666363954544067,
      -0.9495620727539062
    ]
  ],
  "position": [
    0.37421301007270813,
    -0.04787171632051468,
    -0.03223079815506935
  ],
  "focal_length": 350.0,
  "principal_point": [
    240.0,
    180.0
  ],
  "skew": 0.0,
  "pixel_aspect_ratio": 1.0,
  "radial_distortion": [
    0.0,
    0.0,
    0.0
  ],
  "tangential_distortion": [
    0.0,
    0.0
  ],
  "image_size": [
    480,
    360
  ],
  "t": "2787747"
}