{
  "orientation": [
    [
      0.9643354415893555,
      -0.24034444987773895,
      -0.11086779087781906
    ],
    [
      -0.1968565434217453,
      -0.9312676787376404,
      0.3065747022628784
    ],
    [
      -0.17693112790584564,
      -0.2738158106803894,
      -0.9453678131103516
    ]
  ],
  "position": [
    0.4009599983692169,
    -0.346368670463562,
    -0.024886416271328926
  ],
  "focal_length": 350.0,
  "principal_point": [
    240.0,
    180.0
  ],
  "skew": 0.0,
  "pixel_aspect_ratio": 1.0,
  "radial_distortion": [
    0.0,
    0.0,
    0.0
  ],
  "tangential_distortion": [
    0.0,
    0.0
  ],
  "image_size": [
    480,
    360
  ],
  "t": "3099028"
}