{
  "orientation": [
    [
      0.9847003817558289,
      -0.1580122858285904,
      -0.07346628606319427
    ],
    [
      -0.12711073458194733,
      -0.9397198557853699,
      0.31744202971458435
    ],
    [
      -0.11919747292995453,
      -0.30324694514274597,
      -0.9454275369644165
    ]
  ],
  "position": [
    0.3564319610595703,
    -0.6159681081771851,
    -0.003789468901231885
  ],
  "focal_length": 350.0,
  "principal_point": [
    240.0,
    180.0
  ],
  "skew": 0.0,
  "pixel_aspect_ratio": 1.0,
  "radial_distortion": [
    0.0,
    0.0,
    0.0
  ],
  "tangential_distortion": [
    0.0,
    0.0
  ],
  "image_size": [
    480,
    360
  ],
  "t": "3477357"
}