{
  "orientation": [
    [
      0.9997290968894958,
      -0.0052795144729316235,
      0.02266853302717209
    ],
    [
      -0.011246385052800179,
      -0.9622664451599121,
      0.27187639474868774
    ],
    [
      0.020377792418003082,
      -0.2720576822757721,
      -0.9620651602745056
    ]
  ],
  "position": [
    0.05088692158460617,
    -0.6944169402122498,
    0.048926807940006256
  ],
  "focal_length": 350.0,
  "principal_point": [
    240.0,
    180.0
  ],
  "skew": 0.0,
  "pixel_aspect_ratio": 1.0,
  "radial_distortion": [
    0.0,
    0.0,
    0.0
  ],
  "tangential_distortion": [
    0.0,
    0.0
  ],
  "image_size": [
    480,
    360
  ],
  "t": "4208033"
}