{
  "orientation": [
    [
      0.9957287311553955,
      0.04966401308774948,
      0.07783151417970657
    ],
    [
      0.032264284789562225,
      -0.9770253300666809,
      0.21066686511039734
    ],
    [
      0.08650591969490051,
      -0.20725588500499725,
      -0.9744545817375183
    ]
  ],
  "position": [
    -0.1793758124113083,
    -0.506374180316925,
    0.07202388346195221
  ],
  "focal_length": 350.0,
  "principal_point": [
    240.0,
    180.0
  ],
  "skew": 0.0,
  "pixel_aspect_ratio": 1.0,
  "radial_distortion": [
    0.0,
    0.0,
    0.0
  ],
  "tangential_distortion": [
    0.0,
    0.0
  ],
  "image_size": [
    480,
    360
  ],
  "t": "4600595"
}