{
  "orientation": [
    [
      0.9893607497215271,
      0.08088649064302444,
      0.1209242045879364
    ],
    [
      0.06386437267065048,
      -0.9882933497428894,
      0.13855518400669098
    ],
    [
      0.13071583211421967,
      -0.12935832142829895,
      -0.9829444289207458
    ]
  ],
  "position": [
    -0.3753298223018646,
    -0.255816251039505,
    0.08489679545164108
  ],
  "focal_length": 350.0,
  "principal_point": [
    240.0,
    180.0
  ],
  "skew": 0.0,
  "pixel_aspect_ratio": 1.0,
  "radial_distortion": [
    0.0,
    0.0,
    0.0
  ],
  "tangential_distortion": [
    0.0,
    0.0
  ],
  "image_size": [
    480,
    360
  ],
  "t": "4963645"
}