{
  "orientation": [
    [
      0.9837506413459778,
      0.09908343851566315,
      0.14972369372844696
    ],
    [
      0.09165815263986588,
      -0.9942302703857422,
      0.05572255700826645
    ],
    [
      0.15438100695610046,
      -0.04109370335936546,
      -0.9871564507484436
    ]
  ],
  "position": [
    -0.5163978934288025,
    0.01819472387433052,
    0.08722330629825592
  ],
  "focal_length": 350.0,
  "principal_point": [
    240.0,
    180.0
  ],
  "skew": 0.0,
  "pixel_aspect_ratio": 1.0,
  "radial_distortion": [
    0.0,
    0.0,
    0.0
  ],
  "tangential_distortion": [
    0.0,
    0.0
  ],
  "image_size": [
    480,
    360
  ],
  "t": "5350628"
}