{
  "orientation": [
    [
      0.9819577932357788,
      0.10917829722166061,
      0.1543988138437271
    ],
    [
      0.11588799208402634,
      -0.992641270160675,
      -0.03511834144592285
    ],
    [
      0.14942847192287445,
      0.052377697080373764,
      -0.9873842597007751
    ]
  ],
  "position": [
    -0.5527380108833313,
    0.2701750695705414,
    0.07447079569101334
  ],
  "focal_length": 350.0,
  "principal_point": [
    240.0,
    180.0
  ],
  "skew": 0.0,
  "pixel_aspect_ratio": 1.0,
  "radial_distortion": [
    0.0,
    0.0,
    0.0
  ],
  "tangential_distortion": [
    0.0,
    0.0
  ],
  "image_size": [
    480,
    360
  ],
  "t": "5798200"
}