{
  "orientation": [
    [
      0.9903264045715332,
      0.11415146291255951,
      0.07888606935739517
    ],
    [
      0.1253771185874939,
      -0.9797252416610718,
      -0.15626606345176697
    ],
    [
      0.05944867059588432,
      0.16464491188526154,
      -0.9845597743988037
    ]
  ],
  "position": [
    -0.23013578355312347,
    0.40841594338417053,
    0.012843568809330463
  ],
  "focal_length": 350.0,
  "principal_point": [
    240.0,
    180.0
  ],
  "skew": 0.0,
  "pixel_aspect_ratio": 1.0,
  "radial_distortion": [
    0.0,
    0.0,
    0.0
  ],
  "tangential_distortion": [
    0.0,
    0.0
  ],
  "image_size": [
    480,
    360
  ],
  "t": "6671534"
}