{
  "orientation": [
    [
      0.9968500733375549,
      0.06954599171876907,
      -0.03812139853835106
    ],
    [
      0.06245645508170128,
      -0.984631359577179,
      -0.1630958467721939
    ],
    [
      -0.04887818545103073,
      0.16020117700099945,
      -0.9858734607696533
    ]
  ],
  "position": [
    0.26381996273994446,
    0.17580603063106537,
    -0.049620095640420914
  ],
  "focal_length": 350.0,
  "principal_point": [
    240.0,
    180.0
  ],
  "skew": 0.0,
  "pixel_aspect_ratio": 1.0,
  "radial_distortion": [
    0.0,
    0.0,
    0.0
  ],
  "tangential_distortion": [
    0.0,
    0.0
  ],
  "image_size": [
    480,
    360
  ],
  "t": "7540489"
}