{
  "orientation": [
    [
      0.9959258437156677,
      -0.039364829659461975,
      -0.08113030344247818
    ],
    [
      -0.04610583186149597,
      -0.9954854249954224,
      -0.082963727414608
    ],
    [
      -0.0774981901049614,
      0.08636629581451416,
      -0.9932446479797363
    ]
  ],
  "position": [
    0.40859702229499817,
    -0.033054713159799576,
    -0.058665309101343155
  ],
  "focal_length": 350.0,
  "principal_point": [
    240.0,
    180.0
  ],
  "skew": 0.0,
  "pixel_aspect_ratio": 1.0,
  "radial_distortion": [
    0.0,
    0.0,
    0.0
  ],
  "tangential_distortion": [
    0.0,
    0.0
  ],
  "image_size": [
    480,
    360
  ],
  "t": "8234496"
}