{
  "orientation": [
    [
      0.9824896454811096,
      -0.1800520420074463,
      -0.04790949076414108
    ],
    [
      -0.17867925763130188,
      -0.9834005832672119,
      0.031575411558151245
    ],
    [
      -0.05279943719506264,
      -0.022462084889411926,
      -0.9983524680137634
    ]
  ],
  "position": [
    0.2553751766681671,
    -0.12617798149585724,
    -0.02720443159341812
  ],
  "focal_length": 350.0,
  "principal_point": [
    240.0,
    180.0
  ],
  "skew": 0.0,
  "pixel_aspect_ratio": 1.0,
  "radial_distortion": [
    0.0,
    0.0,
    0.0
  ],
  "tangential_distortion": [
    0.0,
    0.0
  ],
  "image_size": [
    480,
    360
  ],
  "t": "8895512"
}