{
  "orientation": [
    [
      0.9513834714889526,
      -0.30364954471588135,
      0.051637645810842514
    ],
    [
      -0.30799129605293274,
      -0.9396581053733826,
      0.14894293248653412
    ],
    [
      0.00329528097063303,
      -0.15760578215122223,
      -0.9874966144561768
    ]
  ],
  "position": [
    -0.11131907254457474,
    -0.06380896270275116,
    0.034976713359355927
  ],
  "focal_length": 350.0,
  "principal_point": [
    240.0,
    180.0
  ],
  "skew": 0.0,
  "pixel_aspect_ratio": 1.0,
  "radial_distortion": [
    0.0,
    0.0,
    0.0
  ],
  "tangential_distortion": [
    0.0,
    0.0
  ],
  "image_size": [
    480,
    360
  ],
  "t": "9733934"
}