{
  "orientation": [
    [
      0.9757398962974548,
      -0.20612652599811554,
      0.07378030568361282
    ],
    [
      -0.21572653949260712,
      -0.9626746773719788,
      0.16346094012260437
    ],
    [
      0.03733279928565025,
      -0.17541173100471497,
      -0.9837870597839355
    ]
  ],
  "position": [
    -0.1381901055574417,
    0.2274109125137329,
    0.05895880609750748
  ],
  "focal_length": 350.0,
  "principal_point": [
    240.0,
    180.0
  ],
  "skew": 0.0,
  "pixel_aspect_ratio": 1.0,
  "radial_distortion": [
    0.0,
    0.0,
    0.0
  ],
  "tangential_distortion": [
    0.0,
    0.0
  ],
  "image_size": [
    480,
    360
  ],
  "t": "10945688"
}