{
  "orientation": [
    [
      0.996442437171936,
      -0.07969260960817337,
      0.027415310963988304
    ],
    [
      -0.0822802484035492,
      -0.9903097152709961,
      0.11187775433063507
    ],
    [
      0.01823381707072258,
      -0.11373547464609146,
      -0.993343710899353
    ]
  ],
  "position": [
    0.09793531894683838,
    0.36774009466171265,
    0.03917158022522926
  ],
  "focal_length": 350.0,
  "principal_point": [
    240.0,
    180.0
  ],
  "skew": 0.0,
  "pixel_aspect_ratio": 1.0,
  "radial_distortion": [
    0.0,
    0.0,
    0.0
  ],
  "tangential_distortion": [
    0.0,
    0.0
  ],
  "image_size": [
    480,
    360
  ],
  "t": "11480131"
}