{
  "orientation": [
    [
      0.9988218545913696,
      0.04472452029585838,
      -0.01883022114634514
    ],
    [
      0.04547266289591789,
      -0.9981082081794739,
      0.04137922450900078
    ],
    [
      -0.016943931579589844,
      -0.04218673333525658,
      -0.9989660382270813
    ]
  ],
  "position": [
    0.375081866979599,
    0.48810693621635437,
    0.01799500733613968
  ],
  "focal_length": 350.0,
  "principal_point": [
    240.0,
    180.0
  ],
  "skew": 0.0,
  "pixel_aspect_ratio": 1.0,
  "radial_distortion": [
    0.0,
    0.0,
    0.0
  ],
  "tangential_distortion": [
    0.0,
    0.0
  ],
  "image_size": [
    480,
    360
  ],
  "t": "12037690"
}