{
  "orientation": [
    [
      0.9996968507766724,
      0.02092107944190502,
      -0.012981384992599487
    ],
    [
      0.020568562671542168,
      -0.9994313716888428,
      -0.026719389483332634
    ],
    [
      -0.013533000834286213,
      0.02644428238272667,
      -0.999558687210083
    ]
  ],
  "position": [
    0.543595016002655,
    0.5619109869003296,
    0.05426119267940521
  ],
  "focal_length": 350.0,
  "principal_point": [
    240.0,
    180.0
  ],
  "skew": 0.0,
  "pixel_aspect_ratio": 1.0,
  "radial_distortion": [
    0.0,
    0.0,
    0.0
  ],
  "tangential_distortion": [
    0.0,
    0.0
  ],
  "image_size": [
    480,
    360
  ],
  "t": "13491996"
}