{
  "orientation": [
    [
      0.9853225350379944,
      -0.15059389173984528,
      0.080379918217659
    ],
    [
      -0.15158620476722717,
      -0.9884235858917236,
      0.0063542649149894714
    ],
    [
      0.07849249243736267,
      -0.018445488065481186,
      -0.9967440366744995
    ]
  ],
  "position": [
    0.369484007358551,
    0.3692639172077179,
    0.11670700460672379
  ],
  "focal_length": 350.0,
  "principal_point": [
    240.0,
    180.0
  ],
  "skew": 0.0,
  "pixel_aspect_ratio": 1.0,
  "radial_distortion": [
    0.0,
    0.0,
    0.0
  ],
  "tangential_distortion": [
    0.0,
    0.0
  ],
  "image_size": [
    480,
    360
  ],
  "t": "14594174"
}