{
  "orientation": [
    [
      0.9899991154670715,
      -0.0832667276263237,
      0.11387878656387329
    ],
    [
      -0.08273234963417053,
      -0.9965273141860962,
      -0.009418895468115807
    ],
    [
      0.11426760256290436,
      -9.676154877524823e-05,
      -0.9934499859809875
    ]
  ],
  "position": [
    0.5670678615570068,
    0.11584411561489105,
    0.10002502053976059
  ],
  "focal_length": 350.0,
  "principal_point": [
    240.0,
    180.0
  ],
  "skew": 0.0,
  "pixel_aspect_ratio": 1.0,
  "radial_distortion": [
    0.0,
    0.0,
    0.0
  ],
  "tangential_distortion": [
    0.0,
    0.0
  ],
  "image_size": [
    480,
    360
  ],
  "t": "15489357"
}