{
  "orientation": [
    [
      0.9943529963493347,
      0.04014022648334503,
      0.09823862463235855
    ],
    [
      0.044535160064697266,
      -0.9980836510658264,
      -0.04296034947037697
    ],
    [
      0.09632592648267746,
      0.047092825174331665,
      -0.9942351579666138
    ]
  ],
  "position": [
    0.8149770498275757,
    -0.051862627267837524,
    0.06547699123620987
  ],
  "focal_length": 350.0,
  "principal_point": [
    240.0,
    180.0
  ],
  "skew": 0.0,
  "pixel_aspect_ratio": 1.0,
  "radial_distortion": [
    0.0,
    0.0,
    0.0
  ],
  "tangential_distortion": [
    0.0,
    0.0
  ],
  "image_size": [
    480,
    360
  ],
  "t": "16038539"
}