{
  "orientation": [
    [
      0.9842336177825928,
      0.17491337656974792,
      0.026257164776325226
    ],
    [
      0.1767677515745163,
      -0.9778731465339661,
      -0.11188050359487534
    ],
    [
      0.006106778513640165,
      0.1147579774260521,
      -0.9933747053146362
    ]
  ],
  "position": [
    1.0374000072479248,
    -0.28225597739219666,
    0.037541698664426804
  ],
  "focal_length": 350.0,
  "principal_point": [
    240.0,
    180.0
  ],
  "skew": 0.0,
  "pixel_aspect_ratio": 1.0,
  "radial_distortion": [
    0.0,
    0.0,
    0.0
  ],
  "tangential_distortion": [
    0.0,
    0.0
  ],
  "image_size": [
    480,
    360
  ],
  "t": "16888307"
}