{
  "orientation": [
    [
      0.9903282523155212,
      0.1226097047328949,
      -0.0649370327591896
    ],
    [
      0.1126026064157486,
      -0.9837108850479126,
      -0.1401197463274002
    ],
    [
      -0.08105930685997009,
      0.13145245611667633,
      -0.9880028367042542
    ]
  ],
  "position": [
    0.8559589385986328,
    -0.4062880277633667,
    0.07200311124324799
  ],
  "focal_length": 350.0,
  "principal_point": [
    240.0,
    180.0
  ],
  "skew": 0.0,
  "pixel_aspect_ratio": 1.0,
  "radial_distortion": [
    0.0,
    0.0,
    0.0
  ],
  "tangential_distortion": [
    0.0,
    0.0
  ],
  "image_size": [
    480,
    360
  ],
  "t": "17539409"
}