{
  "orientation": [
    [
      0.9911226630210876,
      0.01743357628583908,
      -0.13180242478847504
    ],
    [
      0.0005796416662633419,
      -0.9919226169586182,
      -0.12684334814548492
    ],
    [
      -0.13294914364814758,
      0.12564092874526978,
      -0.9831271171569824
    ]
  ],
  "position": [
    0.572526216506958,
    -0.45657896995544434,
    0.11651697009801865
  ],
  "focal_length": 350.0,
  "principal_point": [
    240.0,
    180.0
  ],
  "skew": 0.0,
  "pixel_aspect_ratio": 1.0,
  "radial_distortion": [
    0.0,
    0.0,
    0.0
  ],
  "tangential_distortion": [
    0.0,
    0.0
  ],
  "image_size": [
    480,
    360
  ],
  "t": "17970750"
}