{
  "orientation": [
    [
      0.9787529110908508,
      -0.09486756473779678,
      -0.18177708983421326
    ],
    [
      -0.11246437579393387,
      -0.9896568059921265,
      -0.08905690163373947
    ],
    [
      -0.17144832015037537,
      0.10760814696550369,
      -0.9792987108230591
    ]
  ],
  "position": [
    0.25957533717155457,
    -0.4797939956188202,
    0.1584099680185318
  ],
  "focal_length": 350.0,
  "principal_point": [
    240.0,
    180.0
  ],
  "skew": 0.0,
  "pixel_aspect_ratio": 1.0,
  "radial_distortion": [
    0.0,
    0.0,
    0.0
  ],
  "tangential_distortion": [
    0.0,
    0.0
  ],
  "image_size": [
    480,
    360
  ],
  "t": "18362459"
}