{
  "orientation": [
    [
      0.9604690670967102,
      -0.18381400406360626,
      -0.20907312631607056
    ],
    [
      -0.19390682876110077,
      -0.9806010127067566,
      -0.028666077181696892
    ],
    [
      -0.19974809885025024,
      0.0680735856294632,
      -0.9774797558784485
    ]
  ],
  "position": [
    -0.05116890370845795,
    -0.48251599073410034,
    0.18574801087379456
  ],
  "focal_length": 350.0,
  "principal_point": [
    240.0,
    180.0
  ],
  "skew": 0.0,
  "pixel_aspect_ratio": 1.0,
  "radial_distortion": [
    0.0,
    0.0,
    0.0
  ],
  "tangential_distortion": [
    0.0,
    0.0
  ],
  "image_size": [
    480,
    360
  ],
  "t": "18789846"
}