{
  "orientation": [
    [
      0.9734960198402405,
      -0.13811802864074707,
      -0.1822880059480667
    ],
    [
      -0.12541133165359497,
      -0.9889112710952759,
      0.07953924685716629
    ],
    [
      -0.1912524700164795,
      -0.05457016080617905,
      -0.9800227284431458
    ]
  ],
  "position": [
    -0.2725349962711334,
    -0.43713805079460144,
    0.1462060511112213
  ],
  "focal_length": 350.0,
  "principal_point": [
    240.0,
    180.0
  ],
  "skew": 0.0,
  "pixel_aspect_ratio": 1.0,
  "radial_distortion": [
    0.0,
    0.0,
    0.0
  ],
  "tangential_distortion": [
    0.0,
    0.0
  ],
  "image_size": [
    480,
    360
  ],
  "t": "19493708"
}