{
  "orientation": [
    [
      0.990185558795929,
      0.059952352195978165,
      -0.12624673545360565
    ],
    [
      0.07931946963071823,
      -0.9848108887672424,
      0.15445362031459808
    ],
    [
      -0.11506930738687515,
      -0.16295157372951508,
      -0.9799009561538696
    ]
  ],
  "position": [
    -0.15782713890075684,
    -0.35699307918548584,
    0.05308707058429718
  ],
  "focal_length": 350.0,
  "principal_point": [
    240.0,
    180.0
  ],
  "skew": 0.0,
  "pixel_aspect_ratio": 1.0,
  "radial_distortion": [
    0.0,
    0.0,
    0.0
  ],
  "tangential_distortion": [
    0.0,
    0.0
  ],
  "image_size": [
    480,
    360
  ],
  "t": "20001952"
}