{
  "orientation": [
    [
      0.9666630029678345,
      0.24364279210567474,
      -0.078745037317276
    ],
    [
      0.25489822030067444,
      -0.944831907749176,
      0.2057170569896698
    ],
    [
      -0.024279344826936722,
      -0.21893104910850525,
      -0.9754382371902466
    ]
  ],
  "position": [
    0.021741844713687897,
    -0.2652280330657959,
    -0.027910277247428894
  ],
  "focal_length": 350.0,
  "principal_point": [
    240.0,
    180.0
  ],
  "skew": 0.0,
  "pixel_aspect_ratio": 1.0,
  "radial_distortion": [
    0.0,
    0.0,
    0.0
  ],
  "tangential_distortion": [
    0.0,
    0.0
  ],
  "image_size": [
    480,
    360
  ],
  "t": "20367201"
}