{
  "orientation": [
    [
      0.9176060557365417,
      0.3965660631656647,
      -0.027101777493953705
    ],
    [
      0.3904803395271301,
      -0.8865750432014465,
      0.24801157414913177
    ],
    [
      0.07432521134614944,
      -0.23815962672233582,
      -0.9683778882026672
    ]
  ],
  "position": [
    0.2084181308746338,
    -0.13526487350463867,
    -0.09590154141187668
  ],
  "focal_length": 350.0,
  "principal_point": [
    240.0,
    180.0
  ],
  "skew": 0.0,
  "pixel_aspect_ratio": 1.0,
  "radial_distortion": [
    0.0,
    0.0,
    0.0
  ],
  "tangential_distortion": [
    0.0,
    0.0
  ],
  "image_size": [
    480,
    360
  ],
  "t": "20732342"
}