{
  "orientation": [
    [
      0.891566812992096,
      0.4500618278980255,
      0.05052732676267624
    ],
    [
      0.4223531484603882,
      -0.866534948348999,
      0.26596054434776306
    ],
    [
      0.16348238289356232,
      -0.21578119695186615,
      -0.9626588225364685
    ]
  ],
  "position": [
    0.3140139877796173,
    0.08869677037000656,
    -0.12053000926971436
  ],
  "focal_length": 350.0,
  "principal_point": [
    240.0,
    180.0
  ],
  "skew": 0.0,
  "pixel_aspect_ratio": 1.0,
  "radial_distortion": [
    0.0,
    0.0,
    0.0
  ],
  "tangential_distortion": [
    0.0,
    0.0
  ],
  "image_size": [
    480,
    360
  ],
  "t": "21181270"
}