{
  "orientation": [
    [
      0.9303559064865112,
      0.347017765045166,
      0.11839140951633453
    ],
    [
      0.3136548101902008,
      -0.9204617738723755,
      0.23317542672157288
    ],
    [
      0.1898907721042633,
      -0.17980210483074188,
      -0.9652008414268494
    ]
  ],
  "position": [
    0.23578093945980072,
    0.3048861026763916,
    -0.07888907194137573
  ],
  "focal_length": 350.0,
  "principal_point": [
    240.0,
    180.0
  ],
  "skew": 0.0,
  "pixel_aspect_ratio": 1.0,
  "radial_distortion": [
    0.0,
    0.0,
    0.0
  ],
  "tangential_distortion": [
    0.0,
    0.0
  ],
  "image_size": [
    480,
    360
  ],
  "t": "21542334"
}