{
  "orientation": [
    [
      0.9688311815261841,
      0.19662734866142273,
      0.150677889585495
    ],
    [
      0.16846759617328644,
      -0.9689146876335144,
      0.18117102980613708
    ],
    [
      0.18161720037460327,
      -0.15013980865478516,
      -0.9718401432037354
    ]
  ],
  "position": [
    0.09874457865953445,
    0.45427292585372925,
    -0.024247530847787857
  ],
  "focal_length": 350.0,
  "principal_point": [
    240.0,
    180.0
  ],
  "skew": 0.0,
  "pixel_aspect_ratio": 1.0,
  "radial_distortion": [
    0.0,
    0.0,
    0.0
  ],
  "tangential_distortion": [
    0.0,
    0.0
  ],
  "image_size": [
    480,
    360
  ],
  "t": "21804054"
}