{
  "orientation": [
    [
      0.9890977144241333,
      0.008944207802414894,
      0.14698873460292816
    ],
    [
      -0.008398550562560558,
      -0.9931029677391052,
      0.11694438755512238
    ],
    [
      0.14702092111110687,
      -0.11690392345190048,
      -0.9822007417678833
    ]
  ],
  "position": [
    -0.07566489279270172,
    0.5683061480522156,
    0.034630186855793
  ],
  "focal_length": 350.0,
  "principal_point": [
    240.0,
    180.0
  ],
  "skew": 0.0,
  "pixel_aspect_ratio": 1.0,
  "radial_distortion": [
    0.0,
    0.0,
    0.0
  ],
  "tangential_distortion": [
    0.0,
    0.0
  ],
  "image_size": [
    480,
    360
  ],
  "t": "22075080"
}