{
  "orientation": [
    [
      0.9835048913955688,
      -0.1617426723241806,
      0.08097778260707855
    ],
    [
      -0.16724388301372528,
      -0.9836715459823608,
      0.06648147851228714
    ],
    [
      0.0689026489853859,
      -0.0789278969168663,
      -0.9944962859153748
    ]
  ],
  "position": [
    -0.23569612205028534,
    0.5941439270973206,
    0.06921820342540741
  ],
  "focal_length": 350.0,
  "principal_point": [
    240.0,
    180.0
  ],
  "skew": 0.0,
  "pixel_aspect_ratio": 1.0,
  "radial_distortion": [
    0.0,
    0.0,
    0.0
  ],
  "tangential_distortion": [
    0.0,
    0.0
  ],
  "image_size": [
    480,
    360
  ],
  "t": "22379185"
}