{
  "orientation": [
    [
      0.9827213287353516,
      -0.16905520856380463,
      -0.07535994797945023
    ],
    [
      -0.1633729189634323,
      -0.9836232662200928,
      0.07612234354019165
    ],
    [
      -0.08699467778205872,
      -0.06249528005719185,
      -0.9942466020584106
    ]
  ],
  "position": [
    -0.22787800431251526,
    0.40902000665664673,
    0.007243867963552475
  ],
  "focal_length": 350.0,
  "principal_point": [
    240.0,
    180.0
  ],
  "skew": 0.0,
  "pixel_aspect_ratio": 1.0,
  "radial_distortion": [
    0.0,
    0.0,
    0.0
  ],
  "tangential_distortion": [
    0.0,
    0.0
  ],
  "image_size": [
    480,
    360
  ],
  "t": "22714057"
}